Workbook

Sheet Read Me
B2: SATE System Test — linked workbook
B3: Every table is joined to the others. Nothing here is a typed-in number.
B6: HOW THE SHEETS CONNECT
B7: Requirements ↔ Test Cases | C7: Many-to-many. A test case lists its requirements in "Requirement IDs"; a requirement lists its cases in "Linked Test Cases". Both directions are written as real values, so they are correct in any spreadsheet application.
B8: Traceability | C8: The join table itself — one row per (requirement, test case) pair, 181 rows. This is the sheet to filter when you need "everything covering RQ-11" or "every requirement this case touches". The test case status column pulls live from Test Cases.
B9: Defect Log → Test Cases | C9: The Test Case ID column is a dropdown restricted to real IDs, so a defect cannot reference a case that does not exist. Title, Category, Priority and Requirement IDs then fill in by lookup — you type the ID and nothing else.
B10: Test Cases → Defect Log | C10: The "Defects" column counts matching rows in the Defect Log, so a case shows its open defects without you cross-referencing by hand.
B11: Summary → Test Cases | C11: Every figure is a formula over the Test Cases sheet. Change one Status and the whole summary moves. The original workbook had these as constants, which went stale the moment anyone ran a test.
B12: Lists | C12: One controlled vocabulary drives every dropdown in the workbook. Edit it there, not in the sheets that use it.
B14: WHAT IS A FORMULA AND WHAT IS DATA
B15: Data (safe, permanent) | C15: Which requirement covers which case. These relationships do not change during a test run, so they are stored as values and cannot break.
B16: Formulas (live) | C16: Anything derived from Status — pass counts, coverage, blockers. Status is the one column that changes while you are testing, so these must recalculate.
B18: HOW TO RUN IT
B19: 1. Settle the blocked requirements | C19: Ten requirements are still "Needs confirmation" or "Partially defined". A case depending on one cannot pass or fail — mark it Blocked and record what you saw. The "Blocked By" column on Test Cases flags them for you.
B20: 2. Filter to P0 and work down | C20: 65 of 88 cases are P0. A failed P0 is a release blocker by default.
B21: 3. Fill Status, then the rest | C21: Status is the only column the summary depends on. Actual Result, Evidence and Defect ID are for the record.
B22: 4. Raise defects in the Defect Log | C22: Pick the Test Case ID from the dropdown; the rest fills itself in.
B24: BEFORE YOU TOUCH A DEVICE
B25: Check the system is up | C25: Run "sate infra" in hwtest/ — it probes auth, database, device-api including the v15 verify route, Storage, the Cloudflare worker, the AI queue and device heartbeat. Half of a failed test run is a service that was already down.
B26: Use a unique session label | C26: Say it aloud at the start and end of every recording. It is the only way to prove a transcript belongs to the audio you think it does.
B28: COMPANION DOCUMENT
B29: doc/13-system-test.md | C29: The same 88 cases written as step-by-step instructions, each with a server-side note naming the actual table, route and constant to check. The "Server-Side Check" column here is a condensed version of those notes.

Sheet Summary
B2: SATE system test — live summary
B3: Every figure below is a formula over the Test Cases sheet. Change a Status and this moves.
B5: EXECUTION
B6: Metric | C6: Total | D6: P0 | E6: P1 | F6: P2
B7: Total cases | C7: =COUNTA('Test Cases'!$I$2:$I$89) | D7: =COUNTIF('Test Cases'!$I$2:$I$89,"P0") | E7: =COUNTIF('Test Cases'!$I$2:$I$89,"P1") | F7: =COUNTIF('Test Cases'!$I$2:$I$89,"P2")
B8: Not Run | C8: =COUNTIF('Test Cases'!$X$2:$X$89,"Not Run") | D8: =COUNTIFS('Test Cases'!$X$2:$X$89,"Not Run",'Test Cases'!$I$2:$I$89,"P0") | E8: =COUNTIFS('Test Cases'!$X$2:$X$89,"Not Run",'Test Cases'!$I$2:$I$89,"P1") | F8: =COUNTIFS('Test Cases'!$X$2:$X$89,"Not Run",'Test Cases'!$I$2:$I$89,"P2")
B9: Pass | C9: =COUNTIF('Test Cases'!$X$2:$X$89,"Pass") | D9: =COUNTIFS('Test Cases'!$X$2:$X$89,"Pass",'Test Cases'!$I$2:$I$89,"P0") | E9: =COUNTIFS('Test Cases'!$X$2:$X$89,"Pass",'Test Cases'!$I$2:$I$89,"P1") | F9: =COUNTIFS('Test Cases'!$X$2:$X$89,"Pass",'Test Cases'!$I$2:$I$89,"P2")
B10: Fail | C10: =COUNTIF('Test Cases'!$X$2:$X$89,"Fail") | D10: =COUNTIFS('Test Cases'!$X$2:$X$89,"Fail",'Test Cases'!$I$2:$I$89,"P0") | E10: =COUNTIFS('Test Cases'!$X$2:$X$89,"Fail",'Test Cases'!$I$2:$I$89,"P1") | F10: =COUNTIFS('Test Cases'!$X$2:$X$89,"Fail",'Test Cases'!$I$2:$I$89,"P2")
B11: Blocked | C11: =COUNTIF('Test Cases'!$X$2:$X$89,"Blocked") | D11: =COUNTIFS('Test Cases'!$X$2:$X$89,"Blocked",'Test Cases'!$I$2:$I$89,"P0") | E11: =COUNTIFS('Test Cases'!$X$2:$X$89,"Blocked",'Test Cases'!$I$2:$I$89,"P1") | F11: =COUNTIFS('Test Cases'!$X$2:$X$89,"Blocked",'Test Cases'!$I$2:$I$89,"P2")
B12: Skipped | C12: =COUNTIF('Test Cases'!$X$2:$X$89,"Skipped") | D12: =COUNTIFS('Test Cases'!$X$2:$X$89,"Skipped",'Test Cases'!$I$2:$I$89,"P0") | E12: =COUNTIFS('Test Cases'!$X$2:$X$89,"Skipped",'Test Cases'!$I$2:$I$89,"P1") | F12: =COUNTIFS('Test Cases'!$X$2:$X$89,"Skipped",'Test Cases'!$I$2:$I$89,"P2")
B13: Executed | C13: =C9+C10+C11
B14: Progress | C14: =IF(C7=0,0,(C9+C10+C11)/C7)
B16: RELEASE GATE
B17: P0 failures | C17: =COUNTIFS('Test Cases'!$X$2:$X$89,"Fail",'Test Cases'!$I$2:$I$89,"P0") | D17: =IF(C17=0,"CLEAR","BLOCKED")
B18: Open defects | C18: =COUNTIFS('Defect Log'!$I$2:$I$201,"Open")
B19: Release blockers logged | C19: =COUNTIF('Defect Log'!$H$2:$H$201,"Release Blocker")
B20: Cases blocked by undecided requirements | C20: =COUNTIF('Test Cases'!$M$2:$M$89,"?*")
B23: SCOPE OF THIS RUN
B24: Mobile app and pendant are OUT of scope. Recorder, backend, web app and PDF are in.
B25: Scope | C25: Cases | D25: P0 | E25: Pass | F25: Fail | G25: Blocked | H25: Not Run
B26: In scope | C26: =COUNTIF('Test Cases'!$B$2:$B$89,$B26) | D26: =COUNTIFS('Test Cases'!$B$2:$B$89,$B26,'Test Cases'!$I$2:$I$89,"P0") | E26: =COUNTIFS('Test Cases'!$B$2:$B$89,$B26,'Test Cases'!$X$2:$X$89,"Pass") | F26: =COUNTIFS('Test Cases'!$B$2:$B$89,$B26,'Test Cases'!$X$2:$X$89,"Fail") | G26: =COUNTIFS('Test Cases'!$B$2:$B$89,$B26,'Test Cases'!$X$2:$X$89,"Blocked") | H26: =COUNTIFS('Test Cases'!$B$2:$B$89,$B26,'Test Cases'!$X$2:$X$89,"Not Run")
B27: In scope (reduced) | C27: =COUNTIF('Test Cases'!$B$2:$B$89,$B27) | D27: =COUNTIFS('Test Cases'!$B$2:$B$89,$B27,'Test Cases'!$I$2:$I$89,"P0") | E27: =COUNTIFS('Test Cases'!$B$2:$B$89,$B27,'Test Cases'!$X$2:$X$89,"Pass") | F27: =COUNTIFS('Test Cases'!$B$2:$B$89,$B27,'Test Cases'!$X$2:$X$89,"Fail") | G27: =COUNTIFS('Test Cases'!$B$2:$B$89,$B27,'Test Cases'!$X$2:$X$89,"Blocked") | H27: =COUNTIFS('Test Cases'!$B$2:$B$89,$B27,'Test Cases'!$X$2:$X$89,"Not Run")
B28: Deferred - mobile app | C28: =COUNTIF('Test Cases'!$B$2:$B$89,$B28) | D28: =COUNTIFS('Test Cases'!$B$2:$B$89,$B28,'Test Cases'!$I$2:$I$89,"P0") | E28: =COUNTIFS('Test Cases'!$B$2:$B$89,$B28,'Test Cases'!$X$2:$X$89,"Pass") | F28: =COUNTIFS('Test Cases'!$B$2:$B$89,$B28,'Test Cases'!$X$2:$X$89,"Fail") | G28: =COUNTIFS('Test Cases'!$B$2:$B$89,$B28,'Test Cases'!$X$2:$X$89,"Blocked") | H28: =COUNTIFS('Test Cases'!$B$2:$B$89,$B28,'Test Cases'!$X$2:$X$89,"Not Run")
B29: Deferred - pendant / BLE | C29: =COUNTIF('Test Cases'!$B$2:$B$89,$B29) | D29: =COUNTIFS('Test Cases'!$B$2:$B$89,$B29,'Test Cases'!$I$2:$I$89,"P0") | E29: =COUNTIFS('Test Cases'!$B$2:$B$89,$B29,'Test Cases'!$X$2:$X$89,"Pass") | F29: =COUNTIFS('Test Cases'!$B$2:$B$89,$B29,'Test Cases'!$X$2:$X$89,"Fail") | G29: =COUNTIFS('Test Cases'!$B$2:$B$89,$B29,'Test Cases'!$X$2:$X$89,"Blocked") | H29: =COUNTIFS('Test Cases'!$B$2:$B$89,$B29,'Test Cases'!$X$2:$X$89,"Not Run")
B30: RUNNING THIS PASS | C30: =C26+C27 | D30: =D26+D27
B33: WHO RUNS WHAT
B34: Test Side | C34: Cases | D34: P0 | E34: Pass | F34: Fail | G34: Blocked | H34: Not Run
B35: End User | C35: =COUNTIF('Test Cases'!$D$2:$D$89,$B35) | D35: =COUNTIFS('Test Cases'!$D$2:$D$89,$B35,'Test Cases'!$I$2:$I$89,"P0") | E35: =COUNTIFS('Test Cases'!$D$2:$D$89,$B35,'Test Cases'!$X$2:$X$89,"Pass") | F35: =COUNTIFS('Test Cases'!$D$2:$D$89,$B35,'Test Cases'!$X$2:$X$89,"Fail") | G35: =COUNTIFS('Test Cases'!$D$2:$D$89,$B35,'Test Cases'!$X$2:$X$89,"Blocked") | H35: =COUNTIFS('Test Cases'!$D$2:$D$89,$B35,'Test Cases'!$X$2:$X$89,"Not Run") | I35: Tester alone — recorder, phone, browser. No backend access needed.
B36: Both | C36: =COUNTIF('Test Cases'!$D$2:$D$89,$B36) | D36: =COUNTIFS('Test Cases'!$D$2:$D$89,$B36,'Test Cases'!$I$2:$I$89,"P0") | E36: =COUNTIFS('Test Cases'!$D$2:$D$89,$B36,'Test Cases'!$X$2:$X$89,"Pass") | F36: =COUNTIFS('Test Cases'!$D$2:$D$89,$B36,'Test Cases'!$X$2:$X$89,"Fail") | G36: =COUNTIFS('Test Cases'!$D$2:$D$89,$B36,'Test Cases'!$X$2:$X$89,"Blocked") | H36: =COUNTIFS('Test Cases'!$D$2:$D$89,$B36,'Test Cases'!$X$2:$X$89,"Not Run") | I36: User performs it; pass/fail needs a server check. Plan for two people.
B37: Server Side | C37: =COUNTIF('Test Cases'!$D$2:$D$89,$B37) | D37: =COUNTIFS('Test Cases'!$D$2:$D$89,$B37,'Test Cases'!$I$2:$I$89,"P0") | E37: =COUNTIFS('Test Cases'!$D$2:$D$89,$B37,'Test Cases'!$X$2:$X$89,"Pass") | F37: =COUNTIFS('Test Cases'!$D$2:$D$89,$B37,'Test Cases'!$X$2:$X$89,"Fail") | G37: =COUNTIFS('Test Cases'!$D$2:$D$89,$B37,'Test Cases'!$X$2:$X$89,"Blocked") | H37: =COUNTIFS('Test Cases'!$D$2:$D$89,$B37,'Test Cases'!$X$2:$X$89,"Not Run") | I37: Cannot be judged from the UI. Fault injection and queue inspection.
B40: BY CATEGORY
B41: Category | C41: Cases | D41: P0 | E41: Pass | F41: Fail | G41: Blocked | H41: Not Run
B42: BLE and Device Connectivity | C42: =COUNTIF('Test Cases'!$G$2:$G$89,$B42) | D42: =COUNTIFS('Test Cases'!$G$2:$G$89,$B42,'Test Cases'!$I$2:$I$89,"P0") | E42: =COUNTIFS('Test Cases'!$G$2:$G$89,$B42,'Test Cases'!$X$2:$X$89,"Pass") | F42: =COUNTIFS('Test Cases'!$G$2:$G$89,$B42,'Test Cases'!$X$2:$X$89,"Fail") | G42: =COUNTIFS('Test Cases'!$G$2:$G$89,$B42,'Test Cases'!$X$2:$X$89,"Blocked") | H42: =COUNTIFS('Test Cases'!$G$2:$G$89,$B42,'Test Cases'!$X$2:$X$89,"Not Run")
B43: Backend, Retry, and AI Processing | C43: =COUNTIF('Test Cases'!$G$2:$G$89,$B43) | D43: =COUNTIFS('Test Cases'!$G$2:$G$89,$B43,'Test Cases'!$I$2:$I$89,"P0") | E43: =COUNTIFS('Test Cases'!$G$2:$G$89,$B43,'Test Cases'!$X$2:$X$89,"Pass") | F43: =COUNTIFS('Test Cases'!$G$2:$G$89,$B43,'Test Cases'!$X$2:$X$89,"Fail") | G43: =COUNTIFS('Test Cases'!$G$2:$G$89,$B43,'Test Cases'!$X$2:$X$89,"Blocked") | H43: =COUNTIFS('Test Cases'!$G$2:$G$89,$B43,'Test Cases'!$X$2:$X$89,"Not Run")
B44: Compatibility and Deployment | C44: =COUNTIF('Test Cases'!$G$2:$G$89,$B44) | D44: =COUNTIFS('Test Cases'!$G$2:$G$89,$B44,'Test Cases'!$I$2:$I$89,"P0") | E44: =COUNTIFS('Test Cases'!$G$2:$G$89,$B44,'Test Cases'!$X$2:$X$89,"Pass") | F44: =COUNTIFS('Test Cases'!$G$2:$G$89,$B44,'Test Cases'!$X$2:$X$89,"Fail") | G44: =COUNTIFS('Test Cases'!$G$2:$G$89,$B44,'Test Cases'!$X$2:$X$89,"Blocked") | H44: =COUNTIFS('Test Cases'!$G$2:$G$89,$B44,'Test Cases'!$X$2:$X$89,"Not Run")
B45: End-to-End Recording and Sync | C45: =COUNTIF('Test Cases'!$G$2:$G$89,$B45) | D45: =COUNTIFS('Test Cases'!$G$2:$G$89,$B45,'Test Cases'!$I$2:$I$89,"P0") | E45: =COUNTIFS('Test Cases'!$G$2:$G$89,$B45,'Test Cases'!$X$2:$X$89,"Pass") | F45: =COUNTIFS('Test Cases'!$G$2:$G$89,$B45,'Test Cases'!$X$2:$X$89,"Fail") | G45: =COUNTIFS('Test Cases'!$G$2:$G$89,$B45,'Test Cases'!$X$2:$X$89,"Blocked") | H45: =COUNTIFS('Test Cases'!$G$2:$G$89,$B45,'Test Cases'!$X$2:$X$89,"Not Run")
B46: Long Session and Performance | C46: =COUNTIF('Test Cases'!$G$2:$G$89,$B46) | D46: =COUNTIFS('Test Cases'!$G$2:$G$89,$B46,'Test Cases'!$I$2:$I$89,"P0") | E46: =COUNTIFS('Test Cases'!$G$2:$G$89,$B46,'Test Cases'!$X$2:$X$89,"Pass") | F46: =COUNTIFS('Test Cases'!$G$2:$G$89,$B46,'Test Cases'!$X$2:$X$89,"Fail") | G46: =COUNTIFS('Test Cases'!$G$2:$G$89,$B46,'Test Cases'!$X$2:$X$89,"Blocked") | H46: =COUNTIFS('Test Cases'!$G$2:$G$89,$B46,'Test Cases'!$X$2:$X$89,"Not Run")
B47: Mobile App Lifecycle and Authentication | C47: =COUNTIF('Test Cases'!$G$2:$G$89,$B47) | D47: =COUNTIFS('Test Cases'!$G$2:$G$89,$B47,'Test Cases'!$I$2:$I$89,"P0") | E47: =COUNTIFS('Test Cases'!$G$2:$G$89,$B47,'Test Cases'!$X$2:$X$89,"Pass") | F47: =COUNTIFS('Test Cases'!$G$2:$G$89,$B47,'Test Cases'!$X$2:$X$89,"Fail") | G47: =COUNTIFS('Test Cases'!$G$2:$G$89,$B47,'Test Cases'!$X$2:$X$89,"Blocked") | H47: =COUNTIFS('Test Cases'!$G$2:$G$89,$B47,'Test Cases'!$X$2:$X$89,"Not Run")
B48: Network, Offline, and Upload Recovery | C48: =COUNTIF('Test Cases'!$G$2:$G$89,$B48) | D48: =COUNTIFS('Test Cases'!$G$2:$G$89,$B48,'Test Cases'!$I$2:$I$89,"P0") | E48: =COUNTIFS('Test Cases'!$G$2:$G$89,$B48,'Test Cases'!$X$2:$X$89,"Pass") | F48: =COUNTIFS('Test Cases'!$G$2:$G$89,$B48,'Test Cases'!$X$2:$X$89,"Fail") | G48: =COUNTIFS('Test Cases'!$G$2:$G$89,$B48,'Test Cases'!$X$2:$X$89,"Blocked") | H48: =COUNTIFS('Test Cases'!$G$2:$G$89,$B48,'Test Cases'!$X$2:$X$89,"Not Run")
B49: PDF Export | C49: =COUNTIF('Test Cases'!$G$2:$G$89,$B49) | D49: =COUNTIFS('Test Cases'!$G$2:$G$89,$B49,'Test Cases'!$I$2:$I$89,"P0") | E49: =COUNTIFS('Test Cases'!$G$2:$G$89,$B49,'Test Cases'!$X$2:$X$89,"Pass") | F49: =COUNTIFS('Test Cases'!$G$2:$G$89,$B49,'Test Cases'!$X$2:$X$89,"Fail") | G49: =COUNTIFS('Test Cases'!$G$2:$G$89,$B49,'Test Cases'!$X$2:$X$89,"Blocked") | H49: =COUNTIFS('Test Cases'!$G$2:$G$89,$B49,'Test Cases'!$X$2:$X$89,"Not Run")
B50: Queue, Batch, and Concurrency | C50: =COUNTIF('Test Cases'!$G$2:$G$89,$B50) | D50: =COUNTIFS('Test Cases'!$G$2:$G$89,$B50,'Test Cases'!$I$2:$I$89,"P0") | E50: =COUNTIFS('Test Cases'!$G$2:$G$89,$B50,'Test Cases'!$X$2:$X$89,"Pass") | F50: =COUNTIFS('Test Cases'!$G$2:$G$89,$B50,'Test Cases'!$X$2:$X$89,"Fail") | G50: =COUNTIFS('Test Cases'!$G$2:$G$89,$B50,'Test Cases'!$X$2:$X$89,"Blocked") | H50: =COUNTIFS('Test Cases'!$G$2:$G$89,$B50,'Test Cases'!$X$2:$X$89,"Not Run")
B51: Recorder Interruption and Local Persistence | C51: =COUNTIF('Test Cases'!$G$2:$G$89,$B51) | D51: =COUNTIFS('Test Cases'!$G$2:$G$89,$B51,'Test Cases'!$I$2:$I$89,"P0") | E51: =COUNTIFS('Test Cases'!$G$2:$G$89,$B51,'Test Cases'!$X$2:$X$89,"Pass") | F51: =COUNTIFS('Test Cases'!$G$2:$G$89,$B51,'Test Cases'!$X$2:$X$89,"Fail") | G51: =COUNTIFS('Test Cases'!$G$2:$G$89,$B51,'Test Cases'!$X$2:$X$89,"Blocked") | H51: =COUNTIFS('Test Cases'!$G$2:$G$89,$B51,'Test Cases'!$X$2:$X$89,"Not Run")
B52: Security, Privacy, and Data Isolation | C52: =COUNTIF('Test Cases'!$G$2:$G$89,$B52) | D52: =COUNTIFS('Test Cases'!$G$2:$G$89,$B52,'Test Cases'!$I$2:$I$89,"P0") | E52: =COUNTIFS('Test Cases'!$G$2:$G$89,$B52,'Test Cases'!$X$2:$X$89,"Pass") | F52: =COUNTIFS('Test Cases'!$G$2:$G$89,$B52,'Test Cases'!$X$2:$X$89,"Fail") | G52: =COUNTIFS('Test Cases'!$G$2:$G$89,$B52,'Test Cases'!$X$2:$X$89,"Blocked") | H52: =COUNTIFS('Test Cases'!$G$2:$G$89,$B52,'Test Cases'!$X$2:$X$89,"Not Run")
B53: Web Transcript Review | C53: =COUNTIF('Test Cases'!$G$2:$G$89,$B53) | D53: =COUNTIFS('Test Cases'!$G$2:$G$89,$B53,'Test Cases'!$I$2:$I$89,"P0") | E53: =COUNTIFS('Test Cases'!$G$2:$G$89,$B53,'Test Cases'!$X$2:$X$89,"Pass") | F53: =COUNTIFS('Test Cases'!$G$2:$G$89,$B53,'Test Cases'!$X$2:$X$89,"Fail") | G53: =COUNTIFS('Test Cases'!$G$2:$G$89,$B53,'Test Cases'!$X$2:$X$89,"Blocked") | H53: =COUNTIFS('Test Cases'!$G$2:$G$89,$B53,'Test Cases'!$X$2:$X$89,"Not Run")
B56: REQUIREMENTS
B57: Total requirements | C57: =COUNTA(Requirements!$A$2:$A$23)
B58: Still undecided (needs confirmation / partial) | C58: =COUNTIF(Requirements!$C$2:$C$23,"Needs confirmation")+COUNTIF(Requirements!$C$2:$C$23,"Partially defined")
B59: Uncovered by any test case | C59: =COUNTIF(Requirements!$L$2:$L$23,"UNCOVERED")
B60: Requirements with a failing case | C60: =COUNTIF(Requirements!$L$2:$L$23,"Failing")
B61: Requirement ↔ test case links (Traceability rows) | C61: 181
B64: KNOWN DEFECTS — EXPECT THESE
B65: SATE-SEC-005 | C65: POST /firmware is routed above the /admin gate — any authenticated user can push fleet-wide OTA.
B66: SATE-BE-008 | C66: The process-device-session copy in the repo is not the production no-op; deploying it duplicates every recording.
B67: SATE-E2E-006, SATE-QUE-006 | C67: Upload dedup relies on a probe with no database unique constraint behind it.
B68: SATE-LONG-002/003 | C68: Storage's project-wide file size limit overrides the bucket's; a full take is ~118 MB.

Sheet Lists
A1: Status | B1: Priority | C1: Test Side | D1: Severity | E1: Defect Status | F1: Category | G1: Test Type | H1: Requirement Status | I1: Scope
A2: Not Run | B2: P0 | C2: End User | D2: Release Blocker | E2: Open | F2: BLE and Device Connectivity | G2: Architecture / Idempotency | H2: Required | I2: In scope
A3: Pass | B3: P1 | C3: Server Side | D3: Critical | E3: In Progress | F3: Backend, Retry, and AI Processing | G3: Backward Compatibility | H3: Needs confirmation | I3: In scope (reduced)
A4: Fail | B4: P2 | C4: Both | D4: Major | E4: Fixed | F4: Compatibility and Deployment | G4: Boundary / Functional | H4: Partially defined | I4: Deferred - mobile app
A5: Blocked | D5: Minor | E5: Verified | F5: End-to-End Recording and Sync | G5: Boundary / Performance | I5: Deferred - pendant / BLE
A6: Skipped | D6: Cosmetic | E6: Reopened | F6: Long Session and Performance | G6: Compatibility
E7: Won't Fix | F7: Mobile App Lifecycle and Authentication | G7: Compatibility / Data Integrity
F8: Network, Offline, and Upload Recovery | G8: Compatibility / Layout
F9: PDF Export | G9: Compatibility / Performance
F10: Queue, Batch, and Concurrency | G10: Compatibility / Reliability
F11: Recorder Interruption and Local Persistence | G11: Concurrency / Functional
F12: Security, Privacy, and Data Isolation | G12: Concurrency / Idempotency
F13: Web Transcript Review | G13: Concurrency / Recovery
G14: Concurrency / State Machine
G15: Consistency / Recovery
G16: Data Integrity
G17: Data Integrity / Cache
G18: Data Integrity / Functional
G19: Functional
G20: Functional / Batch
G21: Functional / Compatibility
G22: Functional / Data Integrity
G23: Functional / End-to-End
G24: Functional / Security
G25: Idempotency / Integration
... G72: Timeout / Retry

Sheet Test Cases
A1: TC ID | B1: Scope | C1: Scope Note | D1: Test Side | E1: Run By | F1: Access Needed | G1: Category | H1: Test Case Title | I1: Priority | J1: Test Type | K1: Requirement IDs | L1: Req Count | M1: Blocked By | N1: Components | O1: Objective | P1: Preconditions | Q1: Test Data / Environment | R1: Test Steps | S1: Expected Device / App / Web Result | T1: Expected Backend / Data Result | U1: Server-Side Check | V1: Data Integrity / Validation | W1: Pass Criteria | X1: Status | Y1: Actual Result | Z1: Defects | AA1: Defect ID | AB1: Evidence / Notes | AC1: Executed By | AD1: Executed On
A2: SATE-E2E-001 | B2: In scope | D2: Both | E2: Tester + Engineer | F2: Recorder · phone · browser + Supabase read access | G2: End-to-End Recording and Sync | H2: Standard online recording, upload, processing, review, and PDF export | I2: P0 | J2: Functional / End-to-End | K2: RQ-01, RQ-02, RQ-03, RQ-04, RQ-16, RQ-20 | L2: 6 | M2: RQ-20 | N2: SATE Recorder; Wi-Fi; Supabase; Edge Functions; Cloudflare; AI service; Web App; PDF service | O2: Verify the complete production workflow for a normal session. | P2: Test user is active; recorder is assigned to the user; stable Internet is available; backend services are healthy; no existing test session uses the planned test label. | Q2: 5-minute normal speech recording; stable Wi-Fi; supported browser. | R2: 1. Start a new recording. 2. Speak the unique session label at the beginning and end. 3. Stop and save the recording. 4. Wait for upload and processing to complete. 5. Open the session in the Web App. 6. Review transcript and annotations. 7. Export the SATE report as PDF. | S2: Recorder shows clear Recording, Saved, Uploading, Processing, and Completed states. The Web App shows the correct session, audio, transcript, annotations, and report controls. PDF opens successfully. | T2: Exactly one session record and one valid audio object are created. Status transitions are valid and terminal state is Completed. AI result is attached to the same session. No duplicate processing job is created. | U2: Watch one row move through the state machine and stop: select id, status, attempts, processed, recording_id, bytes, storage_path, process_error from sate_device_sessions where device_serial = '<serial>' order by created_at desc limit 5; Status must go queued → processing → done and settle. recording_id must be non-null and resolve to exactly one recordings row. Confirm the storage object really exists — a row alone is not proof (the 413 bug once left ghost rows with no object). Then confirm the audio the recorder freed matches: GET /api/sessions/verify?... must answer stored:true for that session number and byte count. sate pipeline shows this live. | V2: Confirm session ID, user ID, device ID, timestamps, duration, audio beginning/end markers, transcript-session match, valid annotation JSON, and PDF-session match. | W2: All steps complete without manual recovery; no data loss, duplication, mis-association, or unhandled error occurs. | X2: Not Run | Z2: =COUNTIF('Defect Log'!$C$2:$C$500,$A2)
A3: SATE-E2E-002 | B3: In scope | D3: Both | E3: Tester + Engineer | F3: Recorder · phone · browser + Supabase read access | G3: End-to-End Recording and Sync | H3: Very short recording near the minimum supported duration | I3: P1 | J3: Boundary / Functional | K3: RQ-01, RQ-07, RQ-14 | L3: 3 | M3: RQ-07 | N3: SATE Recorder; Supabase; AI service; Web App | O3: Verify expected handling of a valid recording near the minimum duration. | P3: Minimum supported duration is documented or a provisional threshold is agreed for testing. | Q3: 10-15 second recording containing one clearly spoken sentence. | R3: 1. Start recording. 2. Record for the minimum supported duration. 3. Stop and sync. 4. Open the result in the Web App. 5. Attempt PDF export if the session completes. | S3: The recorder either accepts the session or shows a documented minimum-duration message. The Web App does not display an unexplained blank result. | T3: If accepted, one complete session is processed. If rejected, no orphan audio, session, or processing job remains. | U3: A take under MIN_AUDIO_SEC (env, default **0.4 s**) never reaches the AI at all — the container finalizes it no_text up front, because the AI service answers HTTP 500 on a near-empty WAV and a 5xx reads as transient, which used to retry-loop into a stuck error (hit real on session 35). So a 10–15 s take is well above that floor and must transcribe normally. There is no other minimum enforced server-side — RQ-07 is still unsettled, so record what actually happens rather than asserting a threshold. | V3: Check actual duration, session status, transcript presence, and absence of orphan records. | W3: Behavior matches the documented minimum-duration requirement and leaves the system in a consistent state. | X3: Not Run | Z3: =COUNTIF('Defect Log'!$C$2:$C$500,$A3)
A4: SATE-E2E-003 | B4: In scope | D4: Both | E4: Tester + Engineer | F4: Recorder · phone · browser + Supabase read access | G4: End-to-End Recording and Sync | H4: Silent or near-silent recording | I4: P1 | J4: Negative / Functional | K4: RQ-14, RQ-20 | L4: 2 | M4: RQ-20 | N4: SATE Recorder; AI service; Web App | O4: Verify that absence of speech is distinguished from pipeline failure. | P4: Backend services are healthy. | Q4: 2-minute recording with room tone and no intentional speech. | R4: 1. Record two minutes of silence or near-silence. 2. Stop and sync. 3. Wait for processing. 4. Open the session in the Web App. 5. Review status, transcript, and annotations. | S4: The session displays a clear outcome such as No Detectable Speech, Low Confidence, or an empty transcript with explanation. It must not remain indefinitely in Processing. | T4: AI response is stored as a valid result or a defined non-speech outcome. Processing status reaches a defined terminal state. | U4: Silence is a *result*, not a failure. cf-processor calls finalize({no_text:true}), the edge marks the session done, and **no recordings row is created**. Verify select status, no_text, recording_id from sate_device_sessions where id='<id>' gives done / true / null. A session sitting in processing here is the real bug — check the container logs before blaming the AI. | V4: Verify audio is playable and complete; transcript is not copied from another session; result JSON is valid. | W4: The system distinguishes valid silent audio from upload/processing failure and provides an actionable status. | X4: Not Run | Z4: =COUNTIF('Defect Log'!$C$2:$C$500,$A4)
A5: SATE-E2E-004 | B5: In scope | D5: Both | E5: Tester + Engineer | F5: Recorder · phone · browser + Supabase read access | G5: End-to-End Recording and Sync | H5: Noisy recording with multiple speakers and interruptions | I5: P1 | J5: Robustness / Functional | K5: RQ-14, RQ-20 | L5: 2 | M5: RQ-20 | N5: SATE Recorder; AI service; Web App | O5: Verify that difficult audio degrades recognition quality gracefully without breaking the pipeline. | P5: Normal end-to-end environment is available. | Q5: 5-minute recording with background noise, two speakers, pauses, overlapping speech, and brief interruptions. | R5: 1. Record the prepared noisy scenario. 2. Stop and sync. 3. Review transcript, speaker-related output if supported, annotations, warnings, and PDF. | S5: The session completes or shows a defined low-quality warning. The UI remains responsive and does not mislabel the result as an upload failure. | T5: One valid audio object and one result set are stored. Partial/low-confidence fields follow the documented schema. | U5: Nothing special server-side: one sate_device_sessions row, one recordings row. Check recordings.transcript parses as JSON and recordings.analysis has the computed metrics (ntw, ndw, mluw, mlum, errorCounts). Diarization quality is not a pass criterion — pipeline integrity is. | V5: Check that output belongs to this audio, JSON fields are parseable, and no unrelated transcript appears. | W5: The session reaches a defined terminal state with no crash, malformed data, or cross-session contamination. | X5: Not Run | Z5: =COUNTIF('Defect Log'!$C$2:$C$500,$A5)
A6: SATE-E2E-005 | B6: In scope | D6: Both | E6: Tester + Engineer | F6: Recorder · phone · browser + Supabase read access | G6: End-to-End Recording and Sync | H6: Session metadata, timestamp, time-zone, and device association | I6: P0 | J6: Data Integrity | K6: RQ-01, RQ-02, RQ-19 | L6: 3 | N6: SATE Recorder; Supabase; Web App; PDF service | O6: Verify that metadata remains correct across recorder, backend, Web App, and exported report. | P6: Recorder and phone clocks are set correctly; test account and device assignment are known. | Q6: One 2-minute session created near a known clock time; record local time zone. | R6: 1. Note user, recorder ID, local start time, and end time. 2. Record and sync a session. 3. Compare metadata in device UI, database, Web App, and PDF. 4. Refresh and reopen the session. | S6: User name/ID, device, date, time, duration, and session label are consistent and displayed in the intended time zone. | T6: Canonical timestamps are stored consistently; display conversion is correct; device association does not change after refresh. | U6: Canonical timestamps are stored UTC (ISO-8601). Compare sate_device_sessions.created_at, recordings.created_at, and what the web app renders; a mismatch is a display-layer bug, not a storage one. Device association is sate_devices.id → sate_device_sessions.user_id; it must not change on refresh. | V6: Compare session ID, user ID, device ID, start/end timestamps, time zone, and calculated duration across all components. | W6: No incorrect user/device association, unexplained time shift, or material duration discrepancy is present. | X6: Not Run | Z6: =COUNTIF('Defect Log'!$C$2:$C$500,$A6)
A7: SATE-E2E-006 | B7: In scope (reduced) | C7: Repeat Stop / Save / Upload on the recorder only. Skip the app's Submit control. | D7: Both | E7: Tester + Engineer | F7: Recorder · phone · browser + Supabase read access | G7: End-to-End Recording and Sync | H7: Repeated Stop, Save, Upload, or Submit actions | I7: P0 | J7: Reliability / Idempotency | K7: RQ-03, RQ-21 | L7: 2 | M7: RQ-21 | N7: SATE Recorder; Mobile App; Supabase; Edge Functions | O7: Verify that rapid repeated user actions do not create duplicate sessions or jobs. | P7: Normal recording is in progress; tester can tap controls rapidly. | Q7: 2-minute recording; stable network. | R7: 1. End the recording. 2. Rapidly tap Stop/Save several times. 3. If an Upload or Retry control appears, tap it repeatedly. 4. Wait for completion. 5. Inspect session list and backend records. | S7: Controls become disabled or requests are safely deduplicated. The user sees only one session. | T7: Exactly one canonical session, one final audio object, and one final result set exist. Duplicate requests use the same idempotency key or are rejected safely. | U7: This is the idempotency case. storeSessionRecord probes for an existing row by **(user, serial, patient, session_number, bytes) + objectExists** and reuses it, which is what stops a lost BLE markSynced ACK creating a second take. ⚠️ **There is still no database unique constraint behind that probe.** Under a genuine race the probe can be passed twice. If you get two rows for one recording here, that is the known gap, not a new defect — log it against RQ-03. | V7: Count session records, storage objects, processing attempts, transcripts, and reports linked to the source recording. | W7: Repeated actions never create duplicate user-visible sessions, duplicate reports, or conflicting final states. | X7: Not Run | Z7: =COUNTIF('Defect Log'!$C$2:$C$500,$A7)
A8: SATE-REC-001 | B8: In scope | D8: Both | E8: Tester + Engineer | F8: Recorder · phone · browser + Supabase read access · Serial console on the recorder | G8: Recorder Interruption and Local Persistence | H8: Graceful recorder restart during an active recording | I8: P0 | J8: Recovery | K8: RQ-06, RQ-03, RQ-04 | L8: 3 | M8: RQ-06 | N8: SATE Recorder; Local Storage; Supabase | O8: Verify that a normal restart during recording does not silently lose captured audio. | P8: Recorder battery and storage are sufficient; a session is actively recording. | Q8: 5-minute intended recording; restart after approximately 2 minutes. | R8: 1. Start recording and speak a beginning marker. 2. After two minutes, perform a normal device restart. 3. Restart the recorder. 4. Inspect recovered/pending sessions. 5. Sync any recovered partial session. | S8: The recorder clearly identifies the interrupted session. Recommended behavior: preserve the recorded portion and label it Interrupted; do not silently discard it. | T8: At most one interrupted session is created for the captured audio. Any upload uses the original session identity or a clearly linked recovery identity. | U8: Segments flush to SD roughly every 5 s, so at most ~5 s of tail is at risk. On boot maybeResumeRecording() re-enters the same session — **every** take resumes, button-started and server-started alike (fw ≥1.5.16). Serial should show [CONN] resume … session N. The session number must not change: numbers are allocated monotonically and never renumbered (fw ≥1.5.20). A hole in the numbering is legal; a *reused* number is a defect. | V8: Play the recovered audio; verify beginning marker, duration, file readability, status, and absence of duplication. | W8: Captured audio is preserved or intentionally rejected according to a documented rule, and the user receives an explicit status. | X8: Not Run | Z8: =COUNTIF('Defect Log'!$C$2:$C$500,$A8)
A9: SATE-REC-002 | B9: In scope | D9: Both | E9: Tester + Engineer | F9: Recorder · phone · browser + Supabase read access · Serial console on the recorder | G9: Recorder Interruption and Local Persistence | H9: Forced power loss during an active recording | I9: P0 | J9: Recovery / Fault Injection | K9: RQ-04, RQ-06 | L9: 2 | M9: RQ-06 | N9: SATE Recorder; Local Storage | O9: Verify crash-safe local audio persistence when shutdown cannot complete cleanly. | P9: Recorder is actively recording; tester can disconnect power or force shutdown safely. | Q9: 5-minute intended recording; forced shutdown after approximately 2 minutes. | R9: 1. Start recording and speak a beginning marker. 2. Force power loss without using the normal stop control. 3. Restore power. 4. Inspect recovered data and device messages. 5. Sync any recoverable session. | S9: The recorder reports an interrupted or recovered session rather than showing a completed recording. It must not claim success if the audio is corrupted. | T9: Recovered audio is either stored as one valid partial session or quarantined as corrupted with a traceable error. No phantom Completed session is created. | U9: Same resume path as REC-001, and the one that matters most. Two things to check on the serial log: [MEM] ready (boot completed) and [CONN] resume … session N. The resume runs from loop(), never setup() (fw ≥1.5.17) — if the device comes back and is *unreachable* (no heartbeat, remote stop ignored), that regression is back and it is a release blocker: the take runs to the ~62-minute ceiling with nobody able to stop it. | V9: Verify file readability, duration, beginning marker, session count, error logs, and local cleanup behavior. | W9: No silent data loss, false Completed state, or duplicate session occurs. | X9: Not Run | Z9: =COUNTIF('Defect Log'!$C$2:$C$500,$A9)
A10: SATE-REC-003 | B10: In scope | D10: Both | E10: Tester + Engineer | F10: Recorder · phone · browser + Supabase read access · Serial console · bench power supply or drained cell | G10: Recorder Interruption and Local Persistence | H10: Low-battery shutdown during recording | I10: P0 | J10: Recovery / Hardware | K10: RQ-06, RQ-20 | L10: 2 | M10: RQ-06, RQ-20 | N10: SATE Recorder; Battery Management; Local Storage | O10: Verify low-battery warnings and safe session preservation. | P10: Recorder battery can be reduced to the low-battery threshold. | Q10: Recording continues until low-battery warning and shutdown. | R10: 1. Begin a recording with low remaining battery. 2. Continue until warning appears. 3. Observe whether recording stops automatically or the device shuts down. 4. Recharge and restart. 5. Inspect and sync the session. | S10: A warning appears early enough for action. Recommended behavior: safely stop and save before shutdown when possible. | T10: One valid partial or completed session is preserved with an accurate reason/status. No corrupted Completed session is created. | U10: Low-voltage cutoff uses the GPIO9 battery sense (analogReadMilliVolts × 2 behind the board's 0.5 divider). Confirm the partial take survived to SD and later uploads with its real byte count. Battery telemetry lands in sate_devices.battery_pct / battery_mv via the heartbeat. | V10: Check duration, file readability, battery-related event log, status, and upload result. | W10: Audio captured before shutdown is handled according to the documented low-battery rule with no false success. | X10: Not Run | Z10: =COUNTIF('Defect Log'!$C$2:$C$500,$A10)
A11: SATE-REC-004 | B11: In scope | D11: Both | E11: Tester + Engineer | F11: Recorder · phone · browser + Supabase read access | G11: Recorder Interruption and Local Persistence | H11: Insufficient local storage before recording starts | I11: P0 | J11: Negative / Boundary | K11: RQ-04, RQ-07 | L11: 2 | M11: RQ-07 | N11: SATE Recorder; Local Storage | O11: Verify that the recorder prevents a session that cannot be stored safely. | P11: Local storage is below the defined minimum free-space threshold. | Q11: Recorder with intentionally reduced free storage. | R11: 1. Attempt to start a recording. 2. Observe the message and controls. 3. Free sufficient storage. 4. Retry recording. | S11: The recorder blocks recording or clearly warns the user before capture begins. After space is freed, normal recording is available. | T11: No incomplete session or empty backend record is created from the blocked attempt. | U11: Nothing reaches the server. Confirm no orphan row in sate_device_sessions and no object in the device-sessions bucket. A row with storage_path set but no object is the failure signature to look for. | V11: Verify free-space check, absence of zero-byte files, absence of orphan session records, and successful retry after cleanup. | W11: The user cannot unknowingly begin a recording that the device cannot preserve. | X11: Not Run | Z11: =COUNTIF('Defect Log'!$C$2:$C$500,$A11)
A12: SATE-REC-005 | B12: In scope | D12: Both | E12: Tester + Engineer | F12: Recorder · phone · browser + Supabase read access · SD card able to be filled to capacity | G12: Recorder Interruption and Local Persistence | H12: Local storage becomes full during recording | I12: P0 | J12: Recovery / Boundary | K12: RQ-04, RQ-06 | L12: 2 | M12: RQ-06 | N12: SATE Recorder; Local Storage | O12: Verify safe termination when storage is exhausted during capture. | P12: Recorder starts with enough space for a short recording but not for the planned duration. | Q12: Continue recording until storage is exhausted. | R12: 1. Start recording. 2. Continue until the storage-full condition occurs. 3. Observe device behavior. 4. Restart if required. 5. Inspect and sync recoverable audio. | S12: The recorder stops safely and shows a specific storage error. It must not continue displaying Recording after writes have failed. | T12: Captured audio is finalized if possible, or marked corrupted/interrupted. No zero-byte Completed session is created. | U12: The recorder must stop cleanly and keep what it captured. Server-side the take arrives as a normal short session. Verify byte count matches sessionAssembledBytes() semantics: part0 keeps its 44-byte WAV header, later parts are stripped — the server's stored bytes must equal that exactly, because GET /sessions/verify compares it before the device frees audio. | V12: Check final playable duration, file size, error status, session count, and cleanup of temporary files. | W12: The condition is detected, communicated, and handled without silent corruption or false completion. | X12: Not Run | Z12: =COUNTIF('Defect Log'!$C$2:$C$500,$A12)
A13: SATE-REC-006 | B13: In scope | D13: Both | E13: Tester + Engineer | F13: Recorder · phone · browser + Supabase read access · Serial console · ability to cut power at a chosen moment | G13: Recorder Interruption and Local Persistence | H13: Restart during the local save/finalization step | I13: P0 | J13: Recovery | K13: RQ-03, RQ-04, RQ-06 | L13: 3 | M13: RQ-06 | N13: SATE Recorder; Local Storage; Upload Queue | O13: Verify crash safety while the recorder finalizes audio and creates the upload queue item. | P13: A recording is ready to stop; tester can restart immediately after Stop. | Q13: 5-minute recording. | R13: 1. Record five minutes. 2. Press Stop. 3. Restart the recorder while Save/Finalizing is displayed. 4. Restart and inspect session/queue state. 5. Allow synchronization. | S13: After restart, the session is either safely recovered and queued once or clearly marked failed. The UI must not show two copies. | T13: Only one final audio object/session is created. Temporary files are reconciled or removed. | U13: The crash window is inside finalization. Either a complete take or a recoverable partial is acceptable; a take marked synced with no server object is not. Check for the ghost signature: a .synced marker on device with no matching row/object server-side. | V13: Compare local files, queue entries, backend records, audio duration, and processing jobs. | W13: No duplicate session, orphan temporary file affecting storage, or silent loss occurs. | X13: Not Run | Z13: =COUNTIF('Defect Log'!$C$2:$C$500,$A13)
A14: SATE-REC-007 | B14: In scope | D14: Both | E14: Tester + Engineer | F14: Recorder · phone · browser + Supabase read access · Serial console on the recorder | G14: Recorder Interruption and Local Persistence | H14: Restart after recording stops but before upload begins | I14: P0 | J14: Recovery | K14: RQ-03, RQ-08, RQ-10 | L14: 3 | N14: SATE Recorder; Upload Queue; Supabase | O14: Verify persistence of a locally saved, not-yet-uploaded session. | P14: Recording has stopped and is locally saved; network upload has not begun. | Q14: 3-minute recording. | R14: 1. Record and stop the session. 2. Restart immediately before upload starts. 3. Reconnect to network. 4. Observe queue recovery and final result. | S14: The pending session reappears after restart and uploads automatically or through the documented resume action. | T14: One queue item maps to one session. Status progresses from pending to completed without creating a second session. | U14: Nothing has been uploaded yet, so the server should show no row until connectivity returns. Then exactly one row appears. This is the case that proves reclaim safety: the device must NOT free the audio until GET /api/sessions/verify (device-api ≥v15) returns stored:true — which checks the row **and** objectExists. Any doubt keeps the audio. | V14: Verify local-to-server session identity, queue persistence, audio completeness, and final status. | W14: The pending session survives restart and completes without user re-recording. | X14: Not Run | Z14: =COUNTIF('Defect Log'!$C$2:$C$500,$A14)
A15: SATE-NET-001 | B15: In scope | D15: Both | E15: Tester + Engineer | F15: Recorder · phone · browser + Supabase read access | G15: Network, Offline, and Upload Recovery | H15: Recording starts and ends while fully offline | I15: P0 | J15: Offline / Recovery | K15: RQ-04, RQ-08, RQ-10 | L15: 3 | N15: SATE Recorder; Local Storage; Upload Queue; Supabase | O15: Verify offline recording and automatic upload when connectivity returns. | P15: Wi-Fi is disabled or unavailable before the session starts. | Q15: 5-minute recording; restore Internet after the session is saved. | R15: 1. Disable connectivity. 2. Record and stop a session. 3. Confirm local Pending Upload status. 4. Restore Internet. 5. Wait without manually creating a second session. 6. Review the session on the Web App. | S15: Recording works offline. The session is visibly queued. When Internet returns, upload starts automatically or at the documented trigger. | T15: One queued session uploads once, processes, and reaches Completed. | U15: No server activity during the take. On reconnect, one row appears with the full byte count. Confirm the recorder did not free SD audio in the meantime — verified trim only releases audio for synced takes older than the newest KEEP_AUDIO_SESSIONS (=5) **and** only after byte-exact stored:true. | V15: Verify local persistence, same session ID before/after upload, complete audio, queue removal only after server acknowledgement, and no duplicate. | W15: Offline recording is preserved and completes automatically after connectivity returns. | X15: Not Run | Z15: =COUNTIF('Defect Log'!$C$2:$C$500,$A15)
A16: SATE-NET-002 | B16: In scope | D16: Both | E16: Tester + Engineer | F16: Recorder · phone · browser + Supabase read access | G16: Network, Offline, and Upload Recovery | H16: Internet connection is lost during recording | I16: P0 | J16: Offline / Functional | K16: RQ-04, RQ-10 | L16: 2 | N16: SATE Recorder; Local Storage; Network Detection | O16: Verify that recording is independent of Internet availability. | P16: Recording begins online. | Q16: 5-minute session; disable Internet after 1 minute and restore after Stop. | R16: 1. Start online recording. 2. Disable Internet during capture. 3. Continue recording. 4. Stop the session while offline. 5. Restore Internet and wait for completion. | S16: Recording continues without interruption. The device shows offline/pending status after Stop and later uploads normally. | T16: One complete audio object and one session are created after reconnection. | U16: The take continues locally; Wi-Fi loss must not stop capture. Watch for the upload retrying after association returns. If the device came up offline and the AP is down, the offline fallback still starts the net task so heartbeat, remote stop and OTA health-confirm keep working — verify the device is reachable during the take. | V16: Check audio for gaps at the disconnect point, duration, queue state, and final transcript match. | W16: No capture gap, crash, duplicate session, or misleading completion status occurs. | X16: Not Run | Z16: =COUNTIF('Defect Log'!$C$2:$C$500,$A16)
A17: SATE-NET-003 | B17: In scope | D17: Both | E17: Tester + Engineer | F17: Recorder · phone · browser + Supabase read access | G17: Network, Offline, and Upload Recovery | H17: Internet is lost after Stop but before upload starts | I17: P0 | J17: Recovery | K17: RQ-08, RQ-10 | L17: 2 | N17: SATE Recorder; Upload Queue | O17: Verify correct queuing when a saved session cannot begin uploading. | P17: Recording is complete; upload has not yet started. | Q17: 3-minute recording. | R17: 1. Stop the recording. 2. Immediately disable Internet. 3. Confirm Pending Upload status. 4. Restore Internet. 5. Observe automatic upload and processing. | S17: The session remains visible and queued. No repeated user action is required unless explicitly designed. | T17: The same session is uploaded once after reconnection. Queue state is cleared only after successful acknowledgement. | U17: Nothing on the server until connectivity returns, then one complete row. Check GET /sessions/upload-progress (device-api ≥v16) reports zero in-flight bytes while offline. | V17: Verify one session, one audio object, correct status transitions, and no loss of local file before acknowledgement. | W17: The saved session survives the outage and completes once connectivity returns. | X17: Not Run | Z17: =COUNTIF('Defect Log'!$C$2:$C$500,$A17)
A18: SATE-NET-004 | B18: In scope | C18: Run the recorder's direct Wi-Fi upload path. | D18: Both | E18: Tester + Engineer | F18: Recorder · phone · browser + Supabase read access | G18: Network, Offline, and Upload Recovery | H18: Internet drops during an active upload | I18: P0 | J18: Recovery / Data Integrity | K18: RQ-03, RQ-09, RQ-10 | L18: 3 | M18: RQ-09 | N18: SATE Recorder or Mobile App; Supabase Storage; Upload Queue | O18: Verify upload retry or resume without duplication or file corruption. | P18: An upload large enough to interrupt is in progress. | Q18: 10-minute or larger session; disable Internet at approximately 40% upload. | R18: 1. Start upload. 2. Disable Internet mid-transfer. 3. Wait for failure detection. 4. Restore Internet. 5. Allow automatic retry/resume. 6. Inspect backend and Web App. | S18: The session changes to a retryable/pending state and later completes. The UI does not remain permanently stuck at Uploading. | T18: Upload resumes or restarts according to the documented strategy. Incomplete objects are overwritten, completed, or cleaned safely. One final session exists. | U18: Chunked upload stores each slice as its own _tmp/<patient>/s<n>/<offset>.part object and stitches once on the final slice (device-api ≥v12 — the earlier design rewrote the whole temp blob per slice, was quadratic, and stalled long uploads). A resumed upload must not duplicate parts. If the sizes disagree the edge rejects rather than storing a corrupt WAV. Inspect leftover _tmp/ objects after success — they should be gone. | V18: Compare local/server file size, duration, checksum if available, beginning/end markers, object count, and processing job count. | W18: The final server audio is complete and playable, with exactly one user-visible session and no orphan file that affects later processing. | X18: Not Run | Z18: =COUNTIF('Defect Log'!$C$2:$C$500,$A18)
A19: SATE-NET-005 | B19: In scope (reduced) | C19: Recorder idle or asleep when connectivity returns. Skip phone background / screen-lock. | D19: Both | E19: Tester + Engineer | F19: Recorder · phone · browser + Supabase read access | G19: Network, Offline, and Upload Recovery | H19: Connectivity returns while app/device is in background or screen is locked | I19: P0 | J19: Recovery / Mobile Lifecycle | K19: RQ-10, RQ-19 | L19: 2 | N19: SATE Mobile App; SATE Recorder; OS Background Services; Upload Queue | O19: Verify the documented background upload behavior. | P19: A session is pending offline; mobile app is backgrounded or phone is locked before Internet returns. | Q19: Pending 5-minute session; supported phone OS. | R19: 1. Create an offline pending session. 2. Background the app or lock the phone. 3. Restore Internet. 4. Wait for the documented background window. 5. Unlock/open the app if necessary. 6. Check completion. | S19: Upload either starts in the background as designed or begins immediately when the app is reopened. The pending session is not lost. | T19: Queue state remains durable and the session uploads once. | U19: Server side just sees a later upload. The interesting check is that only ONE upload lands, not one per foreground/background transition. | V19: Verify OS logs if available, queue persistence, session count, and final audio completeness. | W19: Behavior matches the supported background policy and no session remains permanently stranded. | X19: Not Run | Z19: =COUNTIF('Defect Log'!$C$2:$C$500,$A19)
A20: SATE-NET-006 | B20: In scope (reduced) | C20: Recorder's own network detection only. Skip the app's detection. | D20: Both | E20: Tester + Engineer | F20: Recorder · phone · browser + Supabase read access | G20: Network, Offline, and Upload Recovery | H20: Wi-Fi is connected but Internet access is unavailable | I20: P1 | J20: Negative / Recovery | K20: RQ-10 | L20: 1 | N20: SATE Recorder; Mobile App; Network Detection | O20: Verify that the system checks real Internet/backend reachability rather than Wi-Fi association only. | P20: Connect to a router with no Internet access. | Q20: 3-minute session. | R20: 1. Connect to Wi-Fi without Internet. 2. Record and stop a session. 3. Observe upload status. 4. Restore Internet without changing Wi-Fi if possible. 5. Wait for upload. | S20: The UI indicates Offline, Cannot Reach Service, or Pending Upload rather than claiming successful upload. | T20: No false server acknowledgement is stored. The queue retries safely after reachability returns. | U20: Associated-but-no-internet must be classified as a transient failure, not a permanent one. The session should stay queued (or return to it), never jump to error. | V20: Verify local file remains, backend has no incomplete Completed record, and final upload creates one session. | W20: The system does not confuse Wi-Fi connection with successful synchronization. | X20: Not Run | Z20: =COUNTIF('Defect Log'!$C$2:$C$500,$A20)
A21: SATE-NET-007 | B21: In scope (reduced) | C21: Recorder behind the captive portal only. Skip the app. | D21: Both | E21: Tester + Engineer | F21: Recorder · phone · browser + Supabase read access · A captive-portal access point | G21: Network, Offline, and Upload Recovery | H21: Captive portal or authentication-required Wi-Fi | I21: P2 | J21: Negative / Compatibility | K21: RQ-10, RQ-19 | L21: 2 | N21: SATE Recorder; Mobile App; Network Detection | O21: Verify safe behavior on a network that requires browser sign-in. | P21: Connect to a captive-portal network without completing sign-in. | Q21: 3-minute pending session. | R21: 1. Connect to captive-portal Wi-Fi. 2. Attempt sync. 3. Complete portal sign-in. 4. Observe retry and completion. | S21: The system shows a network error/pending state until Internet is usable, then retries without creating a second session. | T21: No invalid Completed state or duplicate upload occurs. | U21: Captive portal returns an HTTP 200 with HTML rather than the expected JSON. Confirm the device treats an unparseable body as a failure and keeps the audio — a 2xx alone must never be read as "durably stored". This is exactly the class that produced the 413 ghosts. | V21: Verify queue durability, one final session, and correct error recovery. | W21: The session remains safe until the network becomes usable and then completes normally. | X21: Not Run | Z21: =COUNTIF('Defect Log'!$C$2:$C$500,$A21)
A22: SATE-NET-008 | B22: In scope | C22: Run the recorder's direct Wi-Fi upload path. | D22: Both | E22: Tester + Engineer | F22: Recorder · phone · browser + Supabase read access | G22: Network, Offline, and Upload Recovery | H22: Switch from one Wi-Fi network to another or to a hotspot during upload | I22: P1 | J22: Recovery / Compatibility | K22: RQ-09, RQ-10 | L22: 2 | M22: RQ-09 | N22: SATE Recorder or Mobile App; Upload Queue; Supabase | O22: Verify transfer recovery after IP/network changes. | P22: Upload is in progress and a second valid network is available. | Q22: 10-minute recording. | R22: 1. Start upload on Network A. 2. Disconnect from Network A mid-upload. 3. Connect to Network B or hotspot. 4. Wait for retry/resume. 5. Inspect final session. | S22: The upload recovers without requiring a new recording. Status updates remain understandable. | T22: One final audio object is committed. Any partial upload from Network A is reconciled. | U22: Same as NET-004: the stitch must be resilient to the connection changing underneath it. Check final bytes equals the device's assembled byte count. | V22: Check object/session counts, file completeness, processing job count, and final transcript. | W22: Network switching does not produce corruption, duplication, or permanent Uploading state. | X22: Not Run | Z22: =COUNTIF('Defect Log'!$C$2:$C$500,$A22)
A23: SATE-NET-009 | B23: In scope | C23: Run the recorder's direct Wi-Fi upload path. | D23: Both | E23: Tester + Engineer | F23: Recorder · phone · browser + Supabase read access | G23: Network, Offline, and Upload Recovery | H23: Rapidly flapping or weak network | I23: P1 | J23: Stress / Reliability | K23: RQ-09, RQ-10, RQ-20 | L23: 3 | M23: RQ-09, RQ-20 | N23: SATE Recorder or Mobile App; Upload Queue | O23: Verify bounded retry behavior under unstable connectivity. | P23: Network can be toggled or throttled. | Q23: 10-minute session; alternate online/offline several times. | R23: 1. Start upload. 2. Alternate online and offline states several times. 3. End with a stable connection. 4. Wait for completion. 5. Review retry count and final records. | S23: The UI does not spam duplicate sessions or become unresponsive. It eventually completes or reaches a clear retryable state. | T23: Retries are bounded and idempotent. One canonical session and one valid final audio object remain. | U23: Expect repeated attempts increments. requeue_session applies backoff for transient failures; the watchdog requeue_stale_sessions(p_stuck_minutes=45, p_max_attempts=3) reclaims anything abandoned. The session must not exceed MAX_ATTEMPTS (3) and must settle. | V23: Review attempt count, backoff timing, session/object counts, final file integrity, and queue cleanup. | W23: The system recovers when stability returns and never creates conflicting final states. | X23: Not Run | Z23: =COUNTIF('Defect Log'!$C$2:$C$500,$A23)
A24: SATE-NET-010 | B24: In scope | C24: Use the recorder's retry, or the web app's Retry control. | D24: Both | E24: Tester + Engineer | F24: Recorder · phone · browser + Supabase read access | G24: Network, Offline, and Upload Recovery | H24: User taps manual Retry while automatic retry is already running | I24: P0 | J24: Concurrency / Idempotency | K24: RQ-03, RQ-09, RQ-13 | L24: 3 | M24: RQ-09, RQ-13 | N24: SATE Mobile App or Recorder; Upload Queue; Supabase | O24: Verify that manual and automatic retry paths cannot duplicate the upload. | P24: A retryable upload failure is present and automatic retry is scheduled or active. | Q24: 5-minute failed/pending session. | R24: 1. Trigger an upload failure. 2. Restore connectivity. 3. Tap Retry repeatedly while automatic retry begins. 4. Wait for final completion. 5. Inspect backend attempts and records. | S24: Only one active upload is presented to the user. Extra taps are disabled, ignored, or safely deduplicated. | T24: Multiple requests, if sent, resolve to one canonical session/object and one final processing result. | U24: Concurrent retry prevention. The user Retry route is POST /sessions/:id/retry (device-api ≥v14) and it **only accepts a session in error** — a processing row is refused, which is what stops a manual tap racing the container. claim_next_session is SELECT … FOR UPDATE SKIP LOCKED, so a double claim is impossible even if two workers ran. Confirm attempts increments by one, not two. | V24: Count upload requests, storage objects, sessions, processing jobs, and user-visible entries. | W24: Manual/automatic retry concurrency never creates a duplicate or corrupt final session. | X24: Not Run | Z24: =COUNTIF('Defect Log'!$C$2:$C$500,$A24)
A25: SATE-QUE-001 | B25: In scope | D25: Both | E25: Tester + Engineer | F25: Recorder · phone · browser + Supabase read access | G25: Queue, Batch, and Concurrency | H25: Five recordings made consecutively while online | I25: P0 | J25: Functional / Batch | K25: RQ-03, RQ-08 | L25: 2 | N25: SATE Recorder; Upload Queue; Supabase; AI service | O25: Verify unique session creation and correct ordering for normal back-to-back use. | P25: Stable network; no pending sessions. | Q25: Recordings of 30 sec, 1 min, 2 min, 3 min, and 5 min, each with a unique spoken label. | R25: 1. Create five recordings with less than 20 seconds between sessions. 2. Allow uploads to occur. 3. Review the queue and Web App. 4. Open each transcript. | S25: All five sessions appear once with correct order, labels, dates, and durations. Starting the next session does not overwrite the previous one. | T25: Five unique session IDs, five correct audio objects, and five result sets are created. | U25: Five rows, five distinct session_numbers, five recordings. The container drains the queue **serially** (max_instances = 1, GPU concurrency is 1 anyway), so expect sequential completion, not parallel. Total time ≈ sum of individual processing times — that is by design, not a stall. | V25: Match each audio beginning/end marker to its transcript; compare timestamps, duration, and session IDs. | W25: All five sessions complete without overwrite, merging, omission, or cross-session transcript assignment. | X25: Not Run | Z25: =COUNTIF('Defect Log'!$C$2:$C$500,$A25)
A26: SATE-QUE-002 | B26: In scope | D26: Both | E26: Tester + Engineer | F26: Recorder · phone · browser + Supabase read access | G26: Queue, Batch, and Concurrency | H26: Start a new recording while the previous session is uploading | I26: P0 | J26: Concurrency / Functional | K26: RQ-03, RQ-08, RQ-10 | L26: 3 | N26: SATE Recorder; Upload Queue; Local Storage; Supabase | O26: Verify simultaneous recording and background upload, or correct prevention if unsupported. | P26: Session A is uploading; recorder is ready for another action. | Q26: Session A: 10 minutes; Session B: 2 minutes. | R26: 1. Start uploading Session A. 2. Attempt to start Session B. 3. Complete Session B. 4. Wait for both sessions to finish. 5. Review results. | S26: The UI follows the documented rule: either allows Session B safely or clearly blocks it. If allowed, statuses remain distinct. | T26: Sessions A and B retain unique IDs, files, statuses, and processing jobs. | U26: A new take must not disturb an in-flight upload. Note the delete/upload interaction rule: a delete defers-and-drops the uploader **only if it is latched on that exact session** (upDropReq); any other session's upload is untouched. | V26: Verify no audio mixing, file overwrite, shared session ID, or status crossover. | W26: Both sessions are handled correctly according to the documented concurrency requirement. | X26: Not Run | Z26: =COUNTIF('Defect Log'!$C$2:$C$500,$A26)
A27: SATE-QUE-003 | B27: In scope | D27: Both | E27: Tester + Engineer | F27: Recorder · phone · browser + Supabase read access | G27: Queue, Batch, and Concurrency | H27: Five offline recordings queued and uploaded later | I27: P0 | J27: Offline / Batch | K27: RQ-04, RQ-08, RQ-10 | L27: 3 | N27: SATE Recorder; Local Storage; Upload Queue; Supabase | O27: Verify durable multi-session queueing. | P27: Device is offline and has sufficient storage. | Q27: Five recordings with unique labels and varying lengths. | R27: 1. Disable Internet. 2. Record five sessions. 3. Restart the recorder/app once while still offline. 4. Confirm all five remain queued. 5. Restore Internet. 6. Wait for all sessions to complete. | S27: All five queued sessions remain visible after restart and later upload. Progress/status is shown per session. | T27: Five unique sessions and five complete audio objects are committed. Queue entries are removed only after acknowledgement. | U27: Five queued rows appear on reconnect. Order is by created_at; the claim query is status='queued' order by created_at. Session numbers must be distinct and none reused. | V27: Check queue persistence, upload order, session count, audio/transcript mapping, and no duplicates. | W27: No queued session is lost, merged, duplicated, or indefinitely blocked. | X27: Not Run | Z27: =COUNTIF('Defect Log'!$C$2:$C$500,$A27)
A28: SATE-QUE-004 | B28: In scope | D28: Both | E28: Tester + Engineer | F28: Recorder · phone · browser + Supabase read access | G28: Queue, Batch, and Concurrency | H28: One queued session fails while later sessions continue | I28: P0 | J28: Reliability / Fault Isolation | K28: RQ-08, RQ-11, RQ-13 | L28: 3 | M28: RQ-11, RQ-13 | N28: Upload Queue; Supabase; AI service | O28: Verify that a single bad item does not block the entire queue. | P28: At least three sessions are queued; a fault can be injected for Session 2. | Q28: Three queued sessions; cause Session 2 upload or processing to fail. | R28: 1. Queue Sessions 1-3. 2. Inject a failure for Session 2. 3. Restore normal service. 4. Observe Sessions 1 and 3. 5. Retry Session 2. | S28: Each session shows its own status. Failure of Session 2 does not hide or freeze Sessions 1 and 3. | T28: Sessions 1 and 3 reach Completed. Session 2 reaches a defined failed/retryable state and can later complete without duplication. | U28: Per-item fault isolation. One row going to error must not block the others — verify the remaining four reach done. pg_cron pings the Worker /tick every minute to keep the container warm; if everything stalls together, check the container is awake before blaming the queue. | V28: Verify per-session attempt counts, queue progression, final session count, and audio mapping. | W28: Queue processing is fault-isolated and recoverable. | X28: Not Run | Z28: =COUNTIF('Defect Log'!$C$2:$C$500,$A28)
A29: SATE-QUE-005 | B29: In scope | C29: Restart the recorder, not the app. | D29: Both | E29: Tester + Engineer | F29: Recorder · phone · browser + Supabase read access | G29: Queue, Batch, and Concurrency | H29: Queue order and status persist across app/recorder restart | I29: P0 | J29: Recovery / Batch | K29: RQ-08, RQ-10 | L29: 2 | N29: SATE Recorder or Mobile App; Upload Queue | O29: Verify durable queue state and deterministic resumption. | P29: Several sessions are Pending, Uploading, and Failed/Retryable. | Q29: Three or more sessions in different queue states. | R29: 1. Create mixed queue states. 2. Restart the recorder/app. 3. Inspect order and statuses. 4. Restore connectivity/service. 5. Observe resumption. | S29: All queue entries reappear with correct identities and understandable statuses. | T29: Queue metadata is restored. No entry is silently dropped or duplicated; final states are consistent. | U29: Queue state lives in Supabase, not in the app or the container — a restart of either must resume from the database. The container has no state to lose. | V29: Compare queue entries before/after restart, session IDs, attempt counts, and final records. | W29: Restart does not alter session identity, lose queue entries, or create duplicate uploads. | X29: Not Run | Z29: =COUNTIF('Defect Log'!$C$2:$C$500,$A29)
A30: SATE-QUE-006 | B30: Deferred - mobile app | C30: This case exists to prove the two delivery paths deduplicate. With the mobile app out of scope there is only one path in use, so the duplicate-session risk cannot materialise — but the gap it was written to catch (no database unique constraint behind the dedup probe) stays unproven. Run it before the app ships. | D30: Both | E30: Tester + Engineer | F30: Recorder · phone · browser + Supabase read access · Ability to force both the direct Wi-Fi and phone-bridged upload paths | G30: Queue, Batch, and Concurrency | H30: Same recording reaches backend through direct Wi-Fi and mobile-app paths | I30: P0 | J30: Architecture / Idempotency | K30: RQ-03, RQ-21 | L30: 2 | M30: RQ-21 | N30: SATE Recorder; SATE Mobile App; Supabase; Edge Functions | O30: Verify deduplication when both supported data paths attempt to sync the same source recording. | P30: Direct Wi-Fi and BLE/mobile paths are both enabled for the same test recording, or the condition can be simulated. | Q30: One uniquely labeled 5-minute recording. | R30: 1. Create one recording. 2. Trigger/allow both direct Wi-Fi and mobile-app sync paths. 3. Wait for all requests to finish. 4. Inspect backend and Web App. | S30: The user sees one session only. Any duplicate-path message is clear and non-blocking. | T30: Backend identifies the same source recording and commits one canonical session/audio/result. Duplicate transport attempts are linked or rejected safely. | U30: **The highest-risk case in the book.** Two paths can deliver one recording: the recorder's device-key POST /sessions and the phone's user-authed POST /sessions (used for Plaud and BLE-bridged takes, which have no device key). Dedup relies on storeSessionRecord's probe by (user, serial, patient, session_number, bytes) + objectExists. ⚠️ **No unique constraint backs it.** If both paths run for one recording, expect this to be where a duplicate canonical session appears — a release blocker by the workbook's own severity rules. Test it deliberately and record the outcome against RQ-21. | V30: Compare source recording ID, idempotency key, session/object/job counts, and final transcript. | W30: Dual-path delivery never creates duplicate sessions, conflicting metadata, or double processing. | X30: Not Run | Z30: =COUNTIF('Defect Log'!$C$2:$C$500,$A30)
A31: SATE-LONG-001 | B31: In scope | D31: Both | E31: Tester + Engineer | F31: Recorder · phone · browser + Supabase read access | G31: Long Session and Performance | H31: Recording at the 30-minute boundary | I31: P0 | J31: Boundary / Performance | K31: RQ-07, RQ-20 | L31: 2 | M31: RQ-07, RQ-20 | N31: SATE Recorder; Local Storage; Upload; AI service; Web App | O31: Verify behavior at the stated long-session threshold. | P31: Device is fully charged with sufficient storage and stable network. | Q31: Exactly 30-minute session with beginning, midpoint, and end markers. | R31: 1. Record exactly 30 minutes. 2. Stop and sync. 3. Wait for processing. 4. Review audio, transcript, annotations, and PDF. | S31: No timeout, crash, or unexplained warning occurs at the boundary. Progress remains responsive. | T31: One complete audio object and result set are created within the documented SLA. | U31: A 30-minute 16 kHz mono take is ~57 MB. Confirm it lands whole. | V31: Check complete duration, all spoken markers, file size, memory/error logs, transcript coverage, and PDF pagination. | W31: The complete 30-minute session is preserved, processed, reviewed, and exported successfully. | X31: Not Run | Z31: =COUNTIF('Defect Log'!$C$2:$C$500,$A31)
A32: SATE-LONG-002 | B32: In scope | D32: Both | E32: Tester + Engineer | F32: Recorder · phone · browser + Supabase read access | G32: Long Session and Performance | H32: Forty-five-minute recording | I32: P0 | J32: Performance / End-to-End | K32: RQ-07, RQ-20 | L32: 2 | M32: RQ-07, RQ-20 | N32: SATE Recorder; Supabase; AI service; Web App | O32: Verify a realistic extended clinical session. | P32: Battery, storage, and network are sufficient. | Q32: 45-minute recording with markers every 10 minutes. | R32: 1. Record 45 minutes. 2. Stop and sync. 3. Monitor upload and processing time. 4. Review all markers in audio/transcript. 5. Export PDF. | S32: Device/app remains responsive. The Web App can load and navigate the long transcript. | T32: Audio upload and processing complete without chunk loss, duplicate jobs, or timeout beyond the documented policy. | U32: ~86 MB. Watch the Storage limit: **the project-wide file size limit overrides the bucket's** and defaults to 50 MB. It is set to 500 MB now, but if long sessions land as rows with process_error: "download failed: Object not found", check that setting first — a swallowed 413 plus a .synced written on a false 2xx destroyed a 62-minute recording once. storeSessionRecord now throws on upload failure rather than swallowing it. | V32: Validate duration, all interval markers, file integrity, transcript continuity, processing time, and PDF pagination. | W32: All content is complete and usable with no resource-related failure. | X32: Not Run | Z32: =COUNTIF('Defect Log'!$C$2:$C$500,$A32)
A33: SATE-LONG-003 | B33: In scope | D33: Both | E33: Tester + Engineer | F33: Recorder · phone · browser + Supabase read access | G33: Long Session and Performance | H33: Maximum supported recording duration | I33: P0 | J33: Boundary / Performance | K33: RQ-07, RQ-20 | L33: 2 | M33: RQ-07, RQ-20 | N33: SATE Recorder; Local Storage; Backend | O33: Verify the documented maximum duration and user warning behavior. | P33: Maximum duration is confirmed by product/engineering. | Q33: Session at the maximum duration and, if safe, an attempt to exceed it. | R33: 1. Record until the maximum duration. 2. Observe warning or automatic stop behavior. 3. Attempt to continue if allowed. 4. Sync and review. | S33: The recorder warns before the limit and safely stops or blocks additional recording according to requirement. | T33: One valid session is created with no truncated container or invalid duration metadata. | U33: The firmware ceiling is ~62 minutes (~118 MB). Beyond the storage limit above, note the timeout tension: AI_READ_TIMEOUT_S is 3600 s (60 min) while STUCK_MINUTES is 45 — a single legitimate AI read can outlive the stale cutoff. The watchdog only fires *between* jobs (the loop is blocked inside process()), so this is safe in practice, but a job that does get reclaimed mid-run on a maximum-length take is the signature to watch for. | V33: Check final duration, end marker, file readability, status, and absence of a second unintended session. | W33: Maximum-duration behavior is predictable, safe, and fully documented. | X33: Not Run | Z33: =COUNTIF('Defect Log'!$C$2:$C$500,$A33)
A34: SATE-LONG-004 | B34: In scope | C34: Run the recorder's direct Wi-Fi upload path. | D34: Both | E34: Tester + Engineer | F34: Recorder · phone · browser + Supabase read access | G34: Long Session and Performance | H34: Long-session upload interrupted and resumed | I34: P0 | J34: Recovery / Performance | K34: RQ-09, RQ-10, RQ-20 | L34: 3 | M34: RQ-09, RQ-20 | N34: SATE Recorder or Mobile App; Upload Queue; Supabase Storage | O34: Verify recovery for a large upload. | P34: A 45-60 minute session is saved and upload begins. | Q34: 45-60 minute recording; interrupt transfer around 50%. | R34: 1. Start upload. 2. Disable connectivity mid-transfer. 3. Keep offline for several minutes. 4. Restore connectivity. 5. Wait for completion and processing. | S34: Progress recovers or restarts according to the documented strategy. The user does not need to re-record. | T34: One final complete object is committed; partial chunks/objects are reconciled; processing begins only on a valid complete file. | U34: Chunked resume as NET-004, at maximum size. Verify no leftover _tmp/ parts and a byte- exact final object. | V34: Compare local/server size, checksum if available, duration, beginning/end markers, object count, and processing count. | W34: The large file completes without corruption, duplication, or permanent Uploading state. | X34: Not Run | Z34: =COUNTIF('Defect Log'!$C$2:$C$500,$A34)
A35: SATE-LONG-005 | B35: Deferred - mobile app | C35: Phone lock and app backgrounding during a long recording. The recorder records standalone over Wi-Fi, so nothing here applies to the in-scope path. | D35: Both | E35: Tester + Engineer | F35: Recorder · phone · browser + Supabase read access | G35: Long Session and Performance | H35: Phone locks or mobile app remains in background during a long recording | I35: P0 | J35: Mobile Lifecycle / Performance | K35: RQ-10, RQ-19 | L35: 2 | N35: SATE Mobile App; BLE Device; OS Background Services | O35: Verify supported long-running behavior under normal phone use. | P35: Mobile-app/BLЕ recording path is active; OS permissions are granted. | Q35: 45-minute session; lock phone for at least 20 minutes. | R35: 1. Start recording through the mobile/BLE workflow. 2. Lock phone or background app. 3. Continue the session. 4. Unlock/open app. 5. Stop, sync, and review. | S35: Recording/status tracking continues according to the supported design. The app clearly reports any disconnect and recovery. | T35: One session is created with no gaps attributable to app suspension, or the session is explicitly marked interrupted. | U35: Recorder-side this is unaffected by the phone. If the take is BLE-bridged, the phone must keep streaming — check for truncation at the moment of lock. | V35: Check BLE logs, audio markers before/during/after lock, duration, session count, and upload result. | W35: No silent gap, overwrite, crash, or false Completed state occurs. | X35: Not Run | Z35: =COUNTIF('Defect Log'!$C$2:$C$500,$A35)
A36: SATE-LONG-006 | B36: In scope (reduced) | C36: Recorder battery, temperature, storage and backend processing time. Skip phone metrics. | D36: Both | E36: Tester + Engineer | F36: Recorder · phone · browser + Supabase read access | G36: Long Session and Performance | H36: Battery, temperature, memory, storage, and processing-time observation | I36: P1 | J36: Performance / Reliability | K36: RQ-20 | L36: 1 | M36: RQ-20 | N36: SATE Recorder; Mobile App; Backend Monitoring | O36: Establish operational resource use for extended sessions. | P36: Monitoring tools/logs are available; devices begin at known battery levels. | Q36: 45-60 minute recording plus upload and processing. | R36: 1. Record baseline battery, free storage, memory, and temperature. 2. Run a long session. 3. Record metrics during capture, upload, and processing. 4. Note crashes, throttling, or UI lag. | S36: Device/app remains usable and provides warnings before resource exhaustion. | T36: Backend processing remains within the documented SLA and does not generate runaway retries/jobs. | U36: Observation only. Useful server-side numbers: processing_started_at → processed_at gives true processing time; attempts shows retry churn. sate infra probes every tier (auth, DB, device-api + the v15 verify route, Storage, CF worker, AI-queue state, device heartbeat). | V36: Record battery drain, temperature, memory, storage growth, upload time, processing time, and error logs. | W36: Measured resource use stays within approved limits; no crash, unsafe heating, or unbounded job execution occurs. | X36: Not Run | Z36: =COUNTIF('Defect Log'!$C$2:$C$500,$A36)
A37: SATE-BLE-001 | B37: Deferred - pendant / BLE | D37: End User | E37: Tester | F37: Recorder · phone · browser | G37: BLE and Device Connectivity | H37: First-time BLE pairing and device assignment | I37: P0 | J37: Functional / Compatibility | K37: RQ-17, RQ-19 | L37: 2 | N37: SATE Mobile App; BLE Accessory; User Account | O37: Verify secure and understandable initial pairing. | P37: Bluetooth is enabled; app permissions are granted; accessory is unpaired and discoverable. | Q37: One target BLE device and one test user. | R37: 1. Open device setup. 2. Scan for devices. 3. Select the target device. 4. Complete pairing. 5. Confirm device identity and run a short recording/sync. | S37: Only relevant devices are shown with distinguishable identifiers. Successful pairing and assigned user/device are clearly displayed. | T37: Device-user association is stored once and used for the resulting session. | U37: Pairing is app-side. Server-side, confirm the device row exists and is bound to the right account: select id, serial, user_id, fw, online, last_seen from sate_devices. | V37: Compare displayed identifier, physical device identifier, account assignment, and session metadata. | W37: Correct device pairs to the correct account and can complete a session without manual database correction. | X37: Not Run | Z37: =COUNTIF('Defect Log'!$C$2:$C$500,$A37)
A38: SATE-BLE-002 | B38: Deferred - pendant / BLE | D38: End User | E38: Tester | F38: Recorder · phone · browser | G38: BLE and Device Connectivity | H38: Automatic reconnect after mobile app restart | I38: P1 | J38: Recovery | K38: RQ-19 | L38: 1 | N38: SATE Mobile App; BLE Accessory | O38: Verify reconnection without unnecessary re-pairing. | P38: Accessory was previously paired and is powered on nearby. | Q38: Previously paired device. | R38: 1. Connect to the BLE device. 2. Close and restart the app. 3. Observe reconnection. 4. Run a short session. | S38: The app reconnects automatically or provides a clear one-tap reconnect. It does not pair to a different nearby device. | T38: Existing device association remains unchanged. | U38: No server involvement. Known pendants persist in AsyncStorage and reconnect by BLE id. Note: a notification gap while connected is **normal** — the pendant sleeps in silence (nap mode) — and must not be reported as a disconnect. | V38: Verify device ID before/after restart and session metadata. | W38: Reconnection is reliable and preserves device identity. | X38: Not Run | Z38: =COUNTIF('Defect Log'!$C$2:$C$500,$A38)
A39: SATE-BLE-003 | B39: Deferred - pendant / BLE | D39: End User | E39: Tester | F39: Recorder · phone · browser | G39: BLE and Device Connectivity | H39: User selects the wrong BLE device | I39: P1 | J39: Negative / Usability | K39: RQ-17, RQ-19 | L39: 2 | N39: SATE Mobile App; Multiple BLE Accessories | O39: Verify device identification and correction when multiple devices are present. | P39: Two discoverable devices are nearby and clearly labeled for testing. | Q39: BLE Device A assigned to User A; BLE Device B assigned to User B. | R39: 1. Scan for devices. 2. Intentionally select the wrong device. 3. Observe warnings/identity display. 4. Cancel or correct the selection. 5. Pair the correct device. | S39: The app shows enough identifying information to avoid confusion and allows correction. If assignment rules prohibit the wrong device, pairing is blocked. | T39: No session or permanent assignment is created for the rejected device. | U39: Wrong-device selection must not re-bind anything. For a **Plaud** device this is critical: if bindingOwner(sn) is set and differs from this account, the app must REFUSE to connect. A mis-bound Plaud is permanently locked, unlike a recoverable SATE recorder. | V39: Check device-user mapping and absence of unintended records. | W39: The wrong device cannot be silently associated with the user. | X39: Not Run | Z39: =COUNTIF('Defect Log'!$C$2:$C$500,$A39)
A40: SATE-BLE-004 | B40: Deferred - pendant / BLE | D40: End User | E40: Tester | F40: Recorder · phone · browser | G40: BLE and Device Connectivity | H40: Multiple nearby BLE devices during discovery and reconnect | I40: P1 | J40: Compatibility / Reliability | K40: RQ-19 | L40: 1 | N40: SATE Mobile App; Multiple BLE Accessories | O40: Verify stable discovery, selection, and reconnect in a crowded environment. | P40: At least three discoverable BLE devices are nearby. | Q40: Multiple accessories with unique identifiers. | R40: 1. Scan repeatedly. 2. Move devices in/out of range. 3. Select the intended device. 4. Restart app and verify reconnect. | S40: Device list remains usable, identifiers do not swap, and the intended device reconnects. | T40: Correct device ID remains associated with the account and resulting sessions. | U40: Scan with **no service filter** and match on name OR localName OR the advertised audio service — the pendant's name is only in the scan response, so iOS surfaces it as localName and name may be a stale cached GAP name from older firmware. | V40: Compare scan list, selected ID, connected ID, and session metadata. | W40: No unintended device switch or duplicate device record occurs. | X40: Not Run | Z40: =COUNTIF('Defect Log'!$C$2:$C$500,$A40)
A41: SATE-BLE-005 | B41: Deferred - pendant / BLE | D41: End User | E41: Tester | F41: Recorder · phone · browser | G41: BLE and Device Connectivity | H41: BLE device is already connected to another phone | I41: P1 | J41: Negative / Recovery | K41: RQ-19 | L41: 1 | N41: SATE Mobile App; BLE Accessory; Second Phone | O41: Verify clear handling of exclusive BLE connection conflicts. | P41: Target device is connected to Phone A; tester uses Phone B. | Q41: Two supported phones and one BLE accessory. | R41: 1. Connect device to Phone A. 2. Attempt connection from Phone B. 3. Disconnect Phone A. 4. Retry from Phone B. | S41: Phone B receives a clear unavailable/in-use message and later connects successfully after release. | T41: No duplicate or conflicting device assignment/session is created. | U41: Only one central may hold the link. Expect a clean refusal, not a re-bind. | V41: Verify connection logs, device mapping, and successful later session. | W41: Connection conflict is understandable and recoverable without reset or data corruption. | X41: Not Run | Z41: =COUNTIF('Defect Log'!$C$2:$C$500,$A41)
A42: SATE-BLE-006 | B42: Deferred - pendant / BLE | D42: End User | E42: Tester | F42: Recorder · phone · browser | G42: BLE and Device Connectivity | H42: Bluetooth disabled or permission revoked | I42: P0 | J42: Negative / Permissions | K42: RQ-19 | L42: 1 | N42: SATE Mobile App; OS Permissions; BLE Accessory | O42: Verify actionable handling of unavailable Bluetooth access. | P42: App is installed; tester can disable Bluetooth and revoke permissions. | Q42: Supported Android and iOS devices. | R42: 1. Disable Bluetooth and open the workflow. 2. Observe message. 3. Enable Bluetooth but revoke app permission. 4. Retry. 5. Restore permission and connect. | S42: The app identifies the exact issue and directs the user to restore access. It must not show a false connected state. | T42: No session is created unless capture actually starts. Existing pending data remains intact. | U42: Permission loss must be reported, not silently retried. Note SATE and Pendant **share one BleManager**; a screen taking the radio must stopScan() only and never destroy it. Destroying and recreating leaves the iOS BLE stack returning zero devices with no error. | V42: Check app state, device state, pending queue, and later successful connection. | W42: Bluetooth and permission failures are explicit, safe, and recoverable. | X42: Not Run | Z42: =COUNTIF('Defect Log'!$C$2:$C$500,$A42)
A43: SATE-BLE-007 | B43: Deferred - pendant / BLE | D43: Both | E43: Tester + Engineer | F43: Recorder · phone · browser + Supabase read access | G43: BLE and Device Connectivity | H43: BLE disconnects during recording and later reconnects | I43: P0 | J43: Recovery / Data Integrity | K43: RQ-04, RQ-06, RQ-19 | L43: 3 | M43: RQ-06 | N43: SATE Mobile App; BLE Accessory; Local Storage | O43: Verify recording continuity or explicit interruption when BLE is lost. | P43: BLE recording workflow is active. | Q43: 10-minute session; move accessory out of range for one minute. | R43: 1. Start recording. 2. Break BLE connection. 3. Continue waiting for one minute. 4. Return device to range. 5. Observe reconnect. 6. Stop and sync. | S43: The app shows disconnect/reconnect status. It does not silently display continuous Recording if capture stopped. | T43: Session is either continuous and valid or explicitly marked with an interruption. It is never falsely Completed as gap-free. | U43: A BLE drop during a bridged take is a truncation risk. Server-side, compare stored bytes against the expected duration — a short object with a done status is the failure. | V43: Inspect audio around disconnect, BLE event log, duration, session count, and transcript continuity. | W43: Connection loss is detected and the final session accurately represents whether data were continuous or interrupted. | X43: Not Run | Z43: =COUNTIF('Defect Log'!$C$2:$C$500,$A43)
A44: SATE-BLE-008 | B44: Deferred - pendant / BLE | D44: Both | E44: Tester + Engineer | F44: Recorder · phone · browser + Supabase read access | G44: BLE and Device Connectivity | H44: BLE accessory battery is depleted during recording | I44: P0 | J44: Recovery / Hardware | K44: RQ-06, RQ-20 | L44: 2 | M44: RQ-06, RQ-20 | N44: SATE Mobile App; BLE Accessory | O44: Verify low-battery warning and safe session handling. | P44: Accessory begins near low-battery threshold. | Q44: Record until device powers down. | R44: 1. Start recording. 2. Observe battery indicator/warning. 3. Continue until disconnect/power loss. 4. Recharge and reconnect. 5. Inspect and sync the session. | S44: Low-battery warning appears when supported. Disconnect is explicit and recovery guidance is shown. | T44: Captured data are preserved as valid partial/continuous data according to design; no false Completed state. | U44: Same truncation check. Confirm whatever was captured is preserved rather than discarded. | V44: Check audio/event boundary, device battery log, duration, session status, and duplicate count. | W44: Battery depletion does not silently lose or misrepresent the session. | X44: Not Run | Z44: =COUNTIF('Defect Log'!$C$2:$C$500,$A44)
A45: SATE-APP-001 | B45: Deferred - mobile app | D45: End User | E45: Tester | F45: Recorder · phone · browser | G45: Mobile App Lifecycle and Authentication | H45: App moves to background during an active recording | I45: P0 | J45: Mobile Lifecycle | K45: RQ-10, RQ-19 | L45: 2 | N45: SATE Mobile App; BLE Accessory; OS Background Services | O45: Verify supported background behavior during capture. | P45: Recording is active and background permissions are configured. | Q45: 5-minute BLE/mobile session. | R45: 1. Start recording. 2. Send app to background for two minutes. 3. Use another app. 4. Return to SATE. 5. Stop and sync. | S45: Recording/status remains correct or the app clearly reports interruption. UI state is restored accurately. | T45: One session with correct capture status is stored. | U45: No server involvement for a recorder-driven take. For BLE-bridged capture, check for a gap at the moment of backgrounding. | V45: Check audio continuity, app lifecycle logs, duration, and session count. | W45: No silent interruption, duplicate recording, or false status occurs. | X45: Not Run | Z45: =COUNTIF('Defect Log'!$C$2:$C$500,$A45)
A46: SATE-APP-002 | B46: Deferred - mobile app | D46: End User | E46: Tester | F46: Recorder · phone · browser | G46: Mobile App Lifecycle and Authentication | H46: App is force-closed during recording | I46: P0 | J46: Recovery / Fault Injection | K46: RQ-04, RQ-06 | L46: 2 | M46: RQ-06 | N46: SATE Mobile App; BLE Accessory; Local Storage | O46: Verify crash recovery and accurate interrupted-session handling. | P46: Recording is active. | Q46: 5-minute session; force-close after two minutes. | R46: 1. Start recording. 2. Force-close the app. 3. Reopen the app. 4. Inspect recovered session/status. 5. Sync any recoverable data. | S46: The app reports interruption/recovery and does not pretend the session completed normally. | T46: One valid partial/recovered session or one traceable failure exists; no duplicate. | U46: The recorder is the source of truth; a force-closed app must not lose the take. Verify the session still arrives. | V46: Check local files, audio duration, session ID, error log, and backend count. | W46: Captured data are handled according to the documented recovery rule with no silent loss or false completion. | X46: Not Run | Z46: =COUNTIF('Defect Log'!$C$2:$C$500,$A46)
A47: SATE-APP-003 | B47: Deferred - mobile app | D47: Both | E47: Tester + Engineer | F47: Recorder · phone · browser + Supabase read access | G47: Mobile App Lifecycle and Authentication | H47: App is force-closed during upload | I47: P0 | J47: Recovery | K47: RQ-08, RQ-09, RQ-10 | L47: 3 | M47: RQ-09 | N47: SATE Mobile App; Upload Queue; Supabase | O47: Verify pending upload persistence after process termination. | P47: Session upload is in progress. | Q47: 10-minute session. | R47: 1. Start upload. 2. Force-close the app mid-transfer. 3. Reopen the app. 4. Observe queue recovery. 5. Wait for completion. | S47: Pending session reappears and resumes/retries. It does not remain permanently Uploading. | T47: One final session/object/result exists; incomplete transfer is reconciled. | U47: Interrupted upload → chunked resume. Check for orphan _tmp/ parts left behind. | V47: Check queue persistence, file completeness, session/object/job counts, and final status. | W47: Upload recovers without duplication, corruption, or user re-recording. | X47: Not Run | Z47: =COUNTIF('Defect Log'!$C$2:$C$500,$A47)
A48: SATE-APP-004 | B48: Deferred - mobile app | D48: Both | E48: Tester + Engineer | F48: Recorder · phone · browser + Supabase read access | G48: Mobile App Lifecycle and Authentication | H48: Phone restarts during upload | I48: P0 | J48: Recovery | K48: RQ-08, RQ-10 | L48: 2 | N48: SATE Mobile App; OS; Upload Queue | O48: Verify durable queue state across full phone reboot. | P48: Upload is active; phone can be restarted. | Q48: 10-minute session. | R48: 1. Start upload. 2. Restart the phone. 3. Unlock and reopen SATE. 4. Restore network if needed. 5. Observe completion. | S48: The pending session is restored and clearly shown. | T48: Queue/session identity persists; one final upload and result are created. | U48: Same as APP-003 with a longer gap. The row should either not exist yet or be complete — never a row with storage_path pointing at nothing. | V48: Compare session ID and queue state before/after reboot; validate file and final record counts. | W48: Phone reboot does not lose, duplicate, or mis-associate the session. | X48: Not Run | Z48: =COUNTIF('Defect Log'!$C$2:$C$500,$A48)
A49: SATE-APP-005 | B49: Deferred - mobile app | D49: Both | E49: Tester + Engineer | F49: Recorder · phone · browser + Supabase read access | G49: Mobile App Lifecycle and Authentication | H49: Authentication token expires during upload or processing | I49: P0 | J49: Security / Recovery | K49: RQ-10, RQ-17 | L49: 2 | N49: SATE Mobile App; Authentication; Supabase | O49: Verify safe token refresh or reauthentication without losing the session. | P49: Use a short-lived token or simulate expiration. | Q49: 5-minute session. | R49: 1. Start upload. 2. Expire/revoke the access token. 3. Observe app behavior. 4. Reauthenticate if prompted. 5. Confirm final completion. | S49: The app prompts appropriately or refreshes the token securely. It does not assign data to a different account. | T49: Unauthorized requests fail safely. After reauthentication, the same queued session completes once. | U49: ⚠️ **Read this before testing.** device-api and mint-plaud-token are deployed verify_jwt:false and validate the token themselves. If this case fails with "Setup link expired" or a blanket 401, first confirm nobody redeployed them with the MCP/CLI default verify_jwt:true — that breaks registration and token minting system-wide and looks exactly like an auth-expiry bug. The recorder path uses a device key (Bearer key-…), not a JWT, so it is unaffected by user token expiry — a session already on the device will still upload. | V49: Check auth logs, user ID, session ID, request count, and final data ownership. | W49: Token expiry causes no data loss, unauthorized access, duplicate session, or account mis-association. | X49: Not Run | Z49: =COUNTIF('Defect Log'!$C$2:$C$500,$A49)
A50: SATE-APP-006 | B50: Deferred - mobile app | D50: Both | E50: Tester + Engineer | F50: Recorder · phone · browser + Supabase read access | G50: Mobile App Lifecycle and Authentication | H50: User logs out while sessions are pending upload | I50: P0 | J50: Security / Product Rule | K50: RQ-17, RQ-22 | L50: 2 | N50: SATE Mobile App; Authentication; Upload Queue | O50: Verify the documented logout policy for unsynced clinical data. | P50: At least one local pending session exists. | Q50: One pending session for User A. | R50: 1. Attempt logout. 2. Observe warning/blocking behavior. 3. Follow the provided option: cancel, sync first, or secure local retention. 4. Log back in as User A and verify the session. | S50: The app clearly warns about pending data and follows the approved policy. It must not silently discard the session. | T50: Pending data remain encrypted/associated with User A and are not uploaded under another user. | U50: Pending local sessions belong to the account that recorded them (RQ-22, unsettled). Verify nothing uploads under the new session's identity. | V50: Check queue ownership, local retention, later upload, and absence of cross-account records. | W50: Logout cannot cause silent loss or cross-user upload of pending data. | X50: Not Run | Z50: =COUNTIF('Defect Log'!$C$2:$C$500,$A50)
A51: SATE-APP-007 | B51: Deferred - mobile app | D51: Both | E51: Tester + Engineer | F51: Recorder · phone · browser + Supabase read access | G51: Mobile App Lifecycle and Authentication | H51: Different user logs in while prior user's session remains pending | I51: P0 | J51: Security / Data Isolation | K51: RQ-17, RQ-22 | L51: 2 | N51: SATE Mobile App; Authentication; Upload Queue | O51: Verify strict ownership of locally queued sessions. | P51: User A has a pending local session; User A logs out according to allowed workflow. | Q51: User A and User B test accounts. | R51: 1. Create pending session as User A. 2. Log out. 3. Log in as User B. 4. Inspect queue/session list. 5. Restore User A and complete upload. | S51: User B cannot view, play, edit, export, or upload User A's pending session. | T51: Queue item remains bound to User A. No backend record links it to User B. | U51: The isolation case. After the switch, a pending take must not land under User B's user_id. Check sate_device_sessions.user_id on whatever eventually uploads. | V51: Check local access controls, user IDs, session ownership, and final upload ownership. | W51: No cross-user visibility or upload occurs. | X51: Not Run | Z51: =COUNTIF('Defect Log'!$C$2:$C$500,$A51)
A52: SATE-APP-008 | B52: Deferred - mobile app | D52: End User | E52: Tester | F52: Recorder · phone · browser | G52: Mobile App Lifecycle and Authentication | H52: App update or reinstall when unsynced sessions exist | I52: P1 | J52: Recovery / Compatibility | K52: RQ-04, RQ-19, RQ-22 | L52: 3 | N52: SATE Mobile App; Local Storage; App Update | O52: Verify upgrade behavior and documented reinstall limitations. | P52: Pending local sessions exist; an update build is available. | Q52: Two pending sessions. | R52: 1. Create pending sessions. 2. Upgrade the app without uninstalling. 3. Verify queue and upload. 4. Separately test uninstall/reinstall according to approved procedure. 5. Verify warnings and retained/lost data behavior. | S52: Normal app update preserves sessions. Before uninstall, the app/system provides an appropriate warning if local data will be removed. | T52: Session identity and ownership remain correct after supported upgrade. No duplicate is created. | U52: Reinstall loses AsyncStorage but **not** the iOS Keychain — Plaud bindings live in plaud.bind.<sn> with AfterFirstUnlock specifically so they survive uninstall. Reinstall must reconnect, never re-bind. | V52: Compare queue/session IDs before and after update; document reinstall behavior and final backend records. | W52: Supported updates preserve data; unsupported destructive actions are clearly warned and do not create false sync states. | X52: Not Run | Z52: =COUNTIF('Defect Log'!$C$2:$C$500,$A52)
A53: SATE-BE-001 | B53: In scope | D53: Server Side | E53: Engineer | F53: Supabase SQL + Storage · cf-processor logs | G53: Backend, Retry, and AI Processing | H53: Standard backend status progression and result persistence | I53: P0 | J53: Integration / Functional | K53: RQ-01, RQ-02, RQ-20 | L53: 3 | M53: RQ-20 | N53: Supabase Postgres; Edge Functions; Cloudflare; AI service | O53: Verify normal service-to-service orchestration. | P53: A valid uploaded audio session exists; all services are healthy. | Q53: One 5-minute audio session. | R53: 1. Submit the session for processing. 2. Trace status and request IDs across services. 3. Wait for result. 4. Refresh Web App. | S53: Web App progresses through Processing to Completed and shows the result once. | T53: Status transitions are valid; one AI request/result is linked to the correct session; result JSON is persisted atomically. | U53: The reference case for the state machine. queued → processing → done, with processing_started_at, worker_id, heartbeat_at stamped on claim. New rows default to queued (a column default, so device-api needs no change to enqueue). | V53: Check timestamps, request IDs, attempt count, status history, JSON schema, and session-result linkage. | W53: One complete result is stored and exposed with no missing, duplicate, or out-of-order terminal state. | X53: Not Run | Z53: =COUNTIF('Defect Log'!$C$2:$C$500,$A53)
A54: SATE-BE-002 | B54: In scope | D54: Server Side | E54: Engineer | F54: Supabase SQL + Storage · cf-processor logs · AI fault injection — force a single 500 | G54: Backend, Retry, and AI Processing | H54: AI service returns 500 once, then succeeds | I54: P0 | J54: Retry / Integration | K54: RQ-11 | L54: 1 | M54: RQ-11 | N54: Cloudflare; AI service; Edge Functions | O54: Verify retry on a transient 5xx error. | P54: Fault injection can return 500 on the first AI attempt and success on the second. | Q54: Valid audio session. | R54: 1. Submit processing. 2. Return 500 on attempt 1. 3. Return a valid result on attempt 2. 4. Inspect attempt logs and final session. | S54: Web App may remain Processing or show a non-terminal retry message, then reaches Completed. | T54: Exactly two processing attempts occur; both reference the same session; one final result is committed. | U54: A 5xx is classified transient → requeue_session with backoff → attempts becomes 2 → next claim succeeds → done. Confirm exactly one recordings row, not two. | V54: Verify retry count, backoff timing, request/session IDs, single final result, and no duplicate report. | W54: Transient 5xx is retried according to policy and the session completes once. | X54: Not Run | Z54: =COUNTIF('Defect Log'!$C$2:$C$500,$A54)
A55: SATE-BE-003 | B55: In scope | D55: Server Side | E55: Engineer | F55: Supabase SQL + Storage · cf-processor logs · AI fault injection — force 5xx on every attempt | G55: Backend, Retry, and AI Processing | H55: AI service returns 5xx on all three allowed attempts | I55: P0 | J55: Retry / Negative | K55: RQ-11, RQ-13 | L55: 2 | M55: RQ-11, RQ-13 | N55: Cloudflare; AI service; Edge Functions; Web App | O55: Verify maximum retry count and final failure handling. | P55: Fault injection returns 5xx for every attempt. | Q55: Valid audio session. | R55: 1. Submit processing. 2. Return 5xx three times. 3. Observe retry timing. 4. Inspect final status. 5. Use manual reprocess if supported. | S55: After the allowed attempts, the session shows a clear Failed/Retry Available state rather than indefinite Processing. | T55: No fourth automatic attempt occurs. Audio remains available for manual reprocess. Failure reason and attempts are logged. | U55: MAX_ATTEMPTS is 3. After the third the session settles error with process_error set. It must NOT loop. The status worker (sate-status, 5-minute cron) emails the operator **once** for a settled error, since it cannot auto-clear; only active conditions re-remind, at most every 24 h. | V55: Verify exactly three automatic attempts, terminal status, retained audio, no result duplication, and manual retry behavior if enabled. | W55: Retry limit is enforced and the session remains recoverable without data loss. | X55: Not Run | Z55: =COUNTIF('Defect Log'!$C$2:$C$500,$A55)
A56: SATE-BE-004 | B56: In scope | D56: Server Side | E56: Engineer | F56: Supabase SQL + Storage · cf-processor logs · AI fault injection — force a 4xx | G56: Backend, Retry, and AI Processing | H56: AI service returns a non-retryable 4xx error | I56: P0 | J56: Negative / Retry Policy | K56: RQ-12, RQ-13 | L56: 2 | M56: RQ-12, RQ-13 | N56: Cloudflare; AI service; Edge Functions | O56: Verify that client/data errors are not blindly retried as transient failures. | P56: Fault injection can return a representative 4xx response. | Q56: Valid or intentionally invalid request. | R56: 1. Submit processing. 2. Return the selected 4xx response. 3. Observe attempts and final status. 4. Correct the issue if possible and manually reprocess. | S56: The UI shows a clear processing failure or action required. | T56: Automatic retry follows the documented 4xx policy, normally no repeated blind retries. Error details are logged safely. | U56: 4xx is permanent → fail_session immediately, no retry. attempts should not climb. | V56: Verify attempt count, error classification, retained audio, and absence of duplicate jobs. | W56: Non-retryable errors are classified correctly and do not consume three unnecessary attempts. | X56: Not Run | Z56: =COUNTIF('Defect Log'!$C$2:$C$500,$A56)
A57: SATE-BE-005 | B57: In scope | D57: Server Side | E57: Engineer | F57: Supabase SQL + Storage · cf-processor logs · AI fault injection — force a timeout | G57: Backend, Retry, and AI Processing | H57: AI request times out, then succeeds | I57: P0 | J57: Timeout / Retry | K57: RQ-11, RQ-20 | L57: 2 | M57: RQ-11, RQ-20 | N57: Cloudflare; AI service; Edge Functions | O57: Verify timeout detection, retry, and idempotent completion. | P57: First AI attempt is delayed beyond the configured timeout; second returns normally. | Q57: Valid audio session. | R57: 1. Submit processing. 2. Delay response past timeout. 3. Allow retry. 4. Return a valid result. 5. Inspect late response handling. | S57: Session eventually reaches Completed without showing two results. | T57: Timed-out and late responses are handled idempotently; one final result is accepted. | U57: Timeout is transient. Note AI_READ_TIMEOUT_S = 3600 s — the container holds a long call rather than timing out early; it will not hang forever on an up-but-dead AI. | V57: Verify attempt count, timeout duration, late-response disposition, result count, and final status. | W57: Timeout recovery yields one correct result and no duplicate or conflicting terminal state. | X57: Not Run | Z57: =COUNTIF('Defect Log'!$C$2:$C$500,$A57)
A58: SATE-BE-006 | B58: In scope | D58: Server Side | E58: Engineer | F58: Supabase SQL + Storage · cf-processor logs · AI fault injection — return malformed JSON | G58: Backend, Retry, and AI Processing | H58: AI returns malformed JSON | I58: P0 | J58: Schema Validation / Negative | K58: RQ-14 | L58: 1 | N58: AI service; Cloudflare; Edge Functions; Supabase | O58: Verify validation before storing or displaying AI output. | P58: AI response can be replaced with invalid JSON. | Q58: Valid audio session. | R58: 1. Submit processing. 2. Return malformed JSON. 3. Observe backend and Web App. 4. Inspect stored data and logs. | S58: Web App shows a controlled processing error, not a broken page or raw stack trace. | T58: Malformed payload is rejected or quarantined; no invalid transcript/annotation is committed as Completed. | U58: Non-JSON body → Permanent("AI returned a non-JSON body"). No retry, no partial recordings row. | V58: Verify JSON parsing failure, terminal/retryable status, retained audio, safe logs, and absence of partial corrupt data. | W58: Invalid JSON cannot create a Completed session or break the Web App. | X58: Not Run | Z58: =COUNTIF('Defect Log'!$C$2:$C$500,$A58)
A59: SATE-BE-007 | B59: In scope | D59: Server Side | E59: Engineer | F59: Supabase SQL + Storage · cf-processor logs · AI fault injection — return JSON missing required fields | G59: Backend, Retry, and AI Processing | H59: AI returns valid JSON with missing or partial required fields | I59: P0 | J59: Schema Validation / Partial Result | K59: RQ-14 | L59: 1 | N59: AI service; Edge Functions; Supabase; Web App | O59: Verify documented handling of partial AI output. | P59: AI response can omit transcript, annotation, confidence, or metadata fields. | Q59: Several controlled partial-response variants. | R59: 1. Submit each variant. 2. Review validation and status. 3. Open the session in Web App. 4. Attempt report export. | S59: UI shows available data and an explicit Partial/Failed state according to requirement. Missing fields do not crash the page. | T59: Required-field validation is enforced. Partial results are stored only under the documented schema/state. | U59: Missing segments → Permanent("AI returned no segments"). Partial-field handling is RQ-14 and still unsettled — record what the pipeline does rather than asserting. | V59: Check schema, status, report behavior, field defaults, and absence of fabricated values. | W59: Partial output is handled consistently and never misrepresented as a complete valid report. | X59: Not Run | Z59: =COUNTIF('Defect Log'!$C$2:$C$500,$A59)
A60: SATE-BE-008 | B60: In scope | D60: Server Side | E60: Engineer | F60: Supabase SQL + Storage · cf-processor logs · Ability to replay a result callback | G60: Backend, Retry, and AI Processing | H60: Duplicate AI callback or duplicate result submission | I60: P0 | J60: Idempotency / Integration | K60: RQ-03, RQ-14 | L60: 2 | N60: AI service; Cloudflare; Edge Functions; Supabase | O60: Verify safe handling of repeated identical results. | P60: A valid AI result can be submitted twice for the same attempt/session. | Q60: One completed processing result delivered twice. | R60: 1. Process a session normally. 2. Replay the same callback/result. 3. Refresh the Web App and inspect database. | S60: The user still sees one result and one report version unless versioning explicitly records duplicates as audit events. | T60: Duplicate result is ignored, merged, or recorded idempotently; no second transcript or terminal state is created. | U60: ⚠️ **The dangerous one.** process-device-session must be a **200 no-op** in production; device-api still fire-and-forgets to it, but if it actually processes, it races the container and duplicates recordings. **The copy checked into this repo is NOT the no-op** — it still downloads the WAV, awaits the AI, and inserts recordings, filtering on processed=false while the container claims on status, so both would process the same session. Production is deployed as the no-op. **Do not deploy the repo file as-is.** If you see duplicate recordings in this case, check what is actually deployed before filing anything. | V60: Count result rows, annotations, report records, status history, and visible sessions. | W60: Duplicate callbacks do not duplicate user-visible data or overwrite a newer valid result. | X60: Not Run | Z60: =COUNTIF('Defect Log'!$C$2:$C$500,$A60)
A61: SATE-BE-009 | B61: In scope | D61: Server Side | E61: Engineer | F61: Supabase SQL + Storage · cf-processor logs | G61: Backend, Retry, and AI Processing | H61: Out-of-order status updates or late responses | I61: P0 | J61: Concurrency / State Machine | K61: RQ-01, RQ-02 | L61: 2 | N61: Edge Functions; Cloudflare; AI service; Supabase | O61: Verify that stale events cannot regress a completed session. | P61: Test harness can deliver Processing, Failed, and Completed events out of order. | Q61: One session with controlled event ordering. | R61: 1. Send Completed result. 2. Send a delayed Processing or Failed event from an older attempt. 3. Refresh Web App. 4. Inspect status history. | S61: Completed session remains Completed unless a newer authorized operation changes it. | T61: State machine rejects stale transitions using attempt/version/timestamp rules. | U61: Late/out-of-order updates. The container heartbeats during a long job so the watchdog cannot steal work still running; requeue_stale_sessions only reclaims rows whose heartbeat_at/started_at is older than STUCK_MINUTES (45). A late response arriving for an already-requeued session must not resurrect it. | V61: Verify final status, event order, attempt IDs, version numbers, and unchanged result. | W61: Older events cannot overwrite or regress a newer valid terminal state. | X61: Not Run | Z61: =COUNTIF('Defect Log'!$C$2:$C$500,$A61)
A62: SATE-BE-010 | B62: In scope | D62: Server Side | E62: Engineer | F62: Supabase SQL + Storage · cf-processor logs · Ability to stop/start the Worker or edge function | G62: Backend, Retry, and AI Processing | H62: Cloudflare or Edge Function is temporarily unavailable | I62: P0 | J62: Service Outage / Recovery | K62: RQ-11, RQ-13, RQ-20 | L62: 3 | M62: RQ-11, RQ-13, RQ-20 | N62: Cloudflare; Edge Functions; Supabase | O62: Verify durable processing requests during an intermediary outage. | P62: Audio is uploaded; Cloudflare or Edge Function can be made unavailable. | Q62: Valid session; temporary outage followed by recovery. | R62: 1. Start processing. 2. Make the intermediary unavailable. 3. Observe status/retries. 4. Restore service. 5. Verify completion. | S62: Web App shows Processing/Retrying/Failed with clear recovery path, not a blank result. | T62: Audio and session remain durable. Retry or manual reprocess uses the same session and creates one final result. | U62: Edge/Worker unavailability must be transient. Reminder for whoever fixes this: the AI call **must never** move back into an edge function or a plain Worker — Supabase edge has a hard ~150 s wall-clock and a Worker a ~100 s origin timeout, and both kill the request mid-fetch *before* any catch block, so process_error is never written and the session hangs in processing forever. A 32-minute take once showed 70 minutes stuck. | V62: Check request attempts, retained audio, status transitions, result count, and recovery time. | W62: Temporary service outage does not lose audio, duplicate sessions, or leave an unrecoverable state. | X62: Not Run | Z62: =COUNTIF('Defect Log'!$C$2:$C$500,$A62)
A63: SATE-BE-011 | B63: In scope | D63: Server Side | E63: Engineer | F63: Supabase SQL + Storage · cf-processor logs · Ability to fail the database write after a successful upload | G63: Backend, Retry, and AI Processing | H63: Audio upload succeeds but database/session update fails | I63: P0 | J63: Consistency / Recovery | K63: RQ-02, RQ-03, RQ-04 | L63: 3 | N63: Supabase Storage; Postgres; Edge Functions | O63: Verify reconciliation of storage and database partial success. | P63: Fault injection allows object upload but fails the subsequent database write. | Q63: One 5-minute audio upload. | R63: 1. Upload the audio object. 2. Fail the session/status database write. 3. Restore database service. 4. Run automatic reconciliation or retry. 5. Inspect storage and DB. | S63: User sees a retryable sync state and does not see an unusable ghost session. | T63: Object and session record are reconciled, or orphan object is safely removed. Processing begins only after consistent metadata exists. | U63: Upload succeeded, DB update failed — the exact shape that produced ghost rows. There must be no session marked synced without a matching object. GET /api/sessions/verify is the guard: it answers stored:true only when the row exists AND objectExists. It must stay read- only; never make it mutate. | V63: Check storage object count/path, DB rows, session ID, reconciliation logs, and final result. | W63: Partial success is repaired without orphaned clinical data, duplicate object, or wrong session linkage. | X63: Not Run | Z63: =COUNTIF('Defect Log'!$C$2:$C$500,$A63)
A64: SATE-BE-012 | B64: In scope | D64: Server Side | E64: Engineer | F64: Supabase SQL + Storage · cf-processor logs | G64: Backend, Retry, and AI Processing | H64: Manual reprocess after final processing failure | I64: P0 | J64: Recovery / Functional | K64: RQ-13 | L64: 1 | M64: RQ-13 | N64: Web App; Edge Functions; Cloudflare; AI service | O64: Verify authorized reprocessing uses the original audio and session. | P64: A session is in Failed Final state with retained valid audio. | Q64: One failed session; authorized user. | R64: 1. Open failed session. 2. Select Reprocess/Retry. 3. Confirm action if required. 4. Allow successful AI response. 5. Review result and audit history. | S64: User sees one session transition back to Processing and then Completed. Previous failure remains traceable. | T64: A new processing attempt is linked to the same session/audio. One current final result is exposed; audit history records the retry. | U64: POST /sessions/:id/retry (device-api ≥v14) re-queues an error session. It accepts **only** error — to re-run anything else (an orphaned processing row, say) an owner must PATCH the row to queued via PostgREST. Note a new container image does not instantly swap the running singleton: an in-flight claim is killed and orphaned in processing until the 45-minute watchdog. | V64: Verify session ID unchanged, attempt incremented, audio object unchanged, result version/audit, and no duplicate session. | W64: Manual reprocess successfully recovers the session without re-uploading or duplicating it. | X64: Not Run | Z64: =COUNTIF('Defect Log'!$C$2:$C$500,$A64)
A65: SATE-WEB-001 | B65: In scope | D65: End User | E65: Tester | F65: Recorder · phone · browser | G65: Web Transcript Review | H65: Open and review a completed transcript | I65: P0 | J65: Functional | K65: RQ-15, RQ-17 | L65: 2 | M65: RQ-15 | N65: SATE Web App; Supabase; Audio Player | O65: Verify normal transcript review and session metadata display. | P65: A completed session exists and the user has access. | Q65: Standard 5-minute completed session. | R65: 1. Log in. 2. Open session list. 3. Select the session. 4. Review metadata, audio, transcript, and annotations. 5. Refresh the page. | S65: Content loads completely; labels are understandable; refresh retains the same session and data. | T65: Reads return the correct session/result version and authorized audio reference. | U65: The web report reads recordings.transcript and recordings.analysis. Flag markers (recordings.flags) render as seek-bar ticks — one shared pipeline for the recorder's physical flag button and Plaud's device tap. Don't fork a parallel path. | V65: Compare displayed user, session ID, date, duration, transcript, annotations, and audio. | W65: The correct complete session is reviewable without missing, stale, or mismatched content. | X65: Not Run | Z65: =COUNTIF('Defect Log'!$C$2:$C$500,$A65)
A66: SATE-WEB-002 | B66: In scope | D66: End User | E66: Tester | F66: Recorder · phone · browser | G66: Web Transcript Review | H66: Display of Processing, Retryable Failure, and Final Failure states | I66: P0 | J66: State Handling / Usability | K66: RQ-01, RQ-13, RQ-14 | L66: 3 | M66: RQ-13 | N66: SATE Web App; Supabase | O66: Verify clear non-completed session states. | P66: Create sessions in Processing, Retryable Failure, and Final Failure. | Q66: Three controlled sessions. | R66: 1. Open each session. 2. Observe messages and available actions. 3. Refresh after status changes. | S66: Each state has a distinct explanation and only appropriate actions. No page appears empty or permanently loading without context. | T66: Displayed state matches canonical backend state and updates without creating new records. | U66: UI must distinguish processing, retryable error (attempts < 3), and settled error. The status column to read is sate_device_sessions.status plus attempts — the UI shows real progress from these rather than inferring from processed (device-api ≥v14). | V66: Compare UI status to DB status, attempt count, and available retry permissions. | W66: Users can distinguish processing from failure and know whether to wait or retry. | X66: Not Run | Z66: =COUNTIF('Defect Log'!$C$2:$C$500,$A66)
A67: SATE-WEB-003 | B67: In scope | D67: End User | E67: Tester | F67: Recorder · phone · browser | G67: Web Transcript Review | H67: Refresh, browser Back/Forward, and multiple tabs | I67: P1 | J67: Reliability / Navigation | K67: RQ-15 | L67: 1 | M67: RQ-15 | N67: SATE Web App; Browser | O67: Verify session context is not mixed across navigation actions. | P67: Two completed sessions A and B exist. | Q67: Open A and B in separate tabs. | R67: 1. Open Session A. 2. Open Session B in another tab. 3. Refresh both. 4. Use Back and Forward. 5. Compare displayed content. | S67: Each tab retains its own session. Navigation never shows Session A metadata with Session B transcript/audio. | T67: Requests use the correct session ID and return the correct result version. | U67: No server involvement. Client-state only. | V67: Compare URL/session ID, metadata, transcript marker, audio marker, and report link in each tab. | W67: No cross-session content mixing or stale-cache substitution occurs. | X67: Not Run | Z67: =COUNTIF('Defect Log'!$C$2:$C$500,$A67)
A68: SATE-WEB-004 | B68: In scope | D68: End User | E68: Tester | F68: Recorder · phone · browser | G68: Web Transcript Review | H68: Audio playback and transcript association | I68: P0 | J68: Data Integrity / Functional | K68: RQ-04, RQ-15 | L68: 2 | M68: RQ-15 | N68: SATE Web App; Audio Storage; Transcript View | O68: Verify that the audio player is linked to the correct session and remains usable. | P68: Completed sessions A and B contain distinct spoken labels. | Q68: Two completed sessions. | R68: 1. Open Session A and play beginning/end. 2. Open Session B and play beginning/end. 3. Seek, pause, resume, and reload. 4. Compare to transcripts. | S68: Audio controls work and each session plays its own audio. Errors are explained. | T68: Authorized audio URL points to the correct object and does not change across sessions. | U68: Audio is served from the recordings bucket via GET /sessions/:id/audio. Confirm the clip matches the transcript — cross-session contamination is a release blocker. | V68: Match spoken label to transcript/session; verify duration and access controls. | W68: No wrong-audio association, broken seeking, or unauthorized cross-session playback occurs. | X68: Not Run | Z68: =COUNTIF('Defect Log'!$C$2:$C$500,$A68)
A69: SATE-WEB-005 | B69: In scope | D69: Both | E69: Tester + Engineer | F69: Recorder · phone · browser + Supabase read access | G69: Web Transcript Review | H69: Edit and save transcript with versioning | I69: P0 | J69: Functional / Data Integrity | K69: RQ-15, RQ-16 | L69: 2 | M69: RQ-15 | N69: SATE Web App; Supabase; Audit/Version Store | O69: Verify transcript correction, persistence, and report source. | P69: Transcript editing is enabled and user has edit permission. | Q69: Completed session with known correction points. | R69: 1. Edit several transcript segments. 2. Save. 3. Refresh and reopen. 4. Export PDF. 5. Review audit/version information. | S69: Edits persist and are visually distinguishable from unsaved changes. PDF uses the approved latest version. | T69: Original AI result is retained or versioned according to policy; edited version is saved atomically with user/time audit. | U69: Editing writes back to recordings.transcript and sets segments_edited. Versioning policy is RQ-15 and unsettled — record current behaviour. | V69: Compare original and edited versions, last-saved timestamp, editor identity, and PDF content. | W69: Edits are durable, auditable, and cannot accidentally overwrite the wrong session. | X69: Not Run | Z69: =COUNTIF('Defect Log'!$C$2:$C$500,$A69)
A70: SATE-WEB-006 | B70: In scope | D70: Both | E70: Tester + Engineer | F70: Recorder · phone · browser + Supabase read access | G70: Web Transcript Review | H70: Save failure and concurrent transcript editing | I70: P0 | J70: Concurrency / Recovery | K70: RQ-15 | L70: 1 | M70: RQ-15 | N70: SATE Web App; Supabase; Audit/Version Store | O70: Verify no silent data loss during failed or conflicting edits. | P70: Two authorized browser sessions can open the same transcript; DB failure can be simulated. | Q70: Session with editable transcript. | R70: 1. Open the transcript in two browsers. 2. Make different edits. 3. Save Browser A. 4. Save Browser B or inject save failure. 5. Refresh both. | S70: Save failure is explicit and unsaved text is not falsely shown as saved. Concurrent conflict follows the documented policy. | T70: Version/optimistic-lock rules prevent silent last-writer data loss or create a traceable new version. | U70: Concurrent edit handling is undefined (RQ-15). Expect last-write-wins unless told otherwise; document what you observe. | V70: Inspect versions, timestamps, editor IDs, final text, and error logs. | W70: No silent overwrite, wrong-session save, or false success occurs. | X70: Not Run | Z70: =COUNTIF('Defect Log'!$C$2:$C$500,$A70)
A71: SATE-WEB-007 | B71: In scope | D71: End User | E71: Tester | F71: Recorder · phone · browser | G71: Web Transcript Review | H71: Long transcript and special characters | I71: P1 | J71: Compatibility / Performance | K71: RQ-15, RQ-19, RQ-20 | L71: 3 | M71: RQ-15, RQ-20 | N71: SATE Web App; Browser; Supabase | O71: Verify rendering of long content, IPA, Unicode, punctuation, and long tokens. | P71: A long completed/edited transcript containing special characters exists. | Q71: 45-minute transcript; apostrophes, hyphens, IPA symbols, accented characters, non-Latin Unicode, and long strings. | R71: 1. Open the transcript. 2. Search/scroll through the page. 3. Edit and save selected special characters if supported. 4. Refresh. 5. Export PDF. | S71: Page remains responsive; characters render without replacement boxes or corruption; layout does not overlap. | T71: Stored text remains unchanged under round-trip read/write. | U71: Special characters travel as JSON in recordings.transcript. Check for mojibake at the storage boundary, not just on screen. | V71: Compare source text, displayed text, saved text, and PDF text for encoding changes. | W71: Long and multilingual/special-character content remains accurate and usable. | X71: Not Run | Z71: =COUNTIF('Defect Log'!$C$2:$C$500,$A71)
A72: SATE-PDF-001 | B72: In scope | D72: End User | E72: Tester | F72: Recorder · phone · browser | G72: PDF Export | H72: Standard SATE report export | I72: P0 | J72: Functional | K72: RQ-16, RQ-17 | L72: 2 | N72: SATE Web App; PDF Service; Supabase | O72: Verify a complete report can be generated from a completed session. | P72: Completed session exists and user has export permission. | Q72: Standard 5-minute session. | R72: 1. Open the session. 2. Select Export PDF. 3. Open the file. 4. Compare report fields to the Web App. | S72: Export succeeds once; file opens without warning; layout is readable. | T72: Report is generated from the correct authorized session and current approved transcript/result version. | U72: Export reads the same recordings row. Confirm the PDF's session matches the row's id. | V72: Compare user/session metadata, date, duration, transcript, annotations, page count, and file name. | W72: PDF is complete, readable, correctly associated, and free of missing or stale content. | X72: Not Run | Z72: =COUNTIF('Defect Log'!$C$2:$C$500,$A72)
A73: SATE-PDF-002 | B73: In scope | D73: End User | E73: Tester | F73: Recorder · phone · browser | G73: PDF Export | H73: Long-session report pagination | I73: P0 | J73: Performance / Layout | K73: RQ-16, RQ-20 | L73: 2 | M73: RQ-20 | N73: SATE Web App; PDF Service | O73: Verify multi-page report formatting for long transcripts and annotation tables. | P73: A completed 45-60 minute session exists. | Q73: Long transcript and large annotation set. | R73: 1. Export PDF. 2. Review every page. 3. Check page breaks, headers, footers, tables, and final page. 4. Search for known beginning/end markers. | S73: No clipped text, overlapping elements, blank unintended pages, or missing final content appears. | T73: Generation completes within the documented SLA and uses the complete result set. | U73: Pagination is client-side; no server check beyond the source row. | V73: Confirm all transcript markers, annotation rows, page numbering, metadata, and file size. | W73: Long report is complete and professionally paginated. | X73: Not Run | Z73: =COUNTIF('Defect Log'!$C$2:$C$500,$A73)
A74: SATE-PDF-003 | B74: In scope | D74: End User | E74: Tester | F74: Recorder · phone · browser | G74: PDF Export | H74: Special characters and Unicode in PDF | I74: P1 | J74: Compatibility / Layout | K74: RQ-16, RQ-19 | L74: 2 | N74: SATE Web App; PDF Service; Fonts | O74: Verify correct PDF rendering for supported characters. | P74: Transcript contains the supported special-character test set. | Q74: IPA, accented Latin, punctuation, speaker labels, symbols, and selected non-Latin text. | R74: 1. Export the report. 2. Compare each special-character sample with the Web App/source. 3. Copy text from PDF where applicable. | S74: Characters render correctly without boxes, substitutions, or layout corruption. | T74: PDF generator receives and encodes the correct current text. | U74: Font coverage is a rendering concern — confirm the stored JSON is correct first, so a glyph problem is not mistaken for data loss. | V74: Compare source/display/PDF characters and text extraction where relevant. | W74: All supported characters remain legible and accurate. | X74: Not Run | Z74: =COUNTIF('Defect Log'!$C$2:$C$500,$A74)
A75: SATE-PDF-004 | B75: In scope | D75: End User | E75: Tester | F75: Recorder · phone · browser | G75: PDF Export | H75: Re-export after transcript edits | I75: P0 | J75: Data Integrity / Cache | K75: RQ-15, RQ-16 | L75: 2 | M75: RQ-15 | N75: SATE Web App; Supabase; PDF Service; Cache | O75: Verify that a new report uses the latest saved transcript rather than stale cached content. | P75: Transcript editing is enabled; a prior PDF has already been generated. | Q75: One completed session with a known text correction. | R75: 1. Export the original PDF. 2. Edit and save transcript. 3. Export again. 4. Compare both files. | S75: Second export contains the saved correction and is clearly the current report. | T75: Cache/version key changes or regeneration uses the latest approved result version. | U75: Re-export must pick up edited text (segments_edited = true). Cache invalidation is RQ-16. | V75: Compare transcript version ID, report generation timestamp, file contents, and file name/version. | W75: Re-export never returns a stale report after a successful saved edit. | X75: Not Run | Z75: =COUNTIF('Defect Log'!$C$2:$C$500,$A75)
A76: SATE-PDF-005 | B76: In scope | D76: End User | E76: Tester | F76: Recorder · phone · browser | G76: PDF Export | H76: Export request for Processing, Partial, or Failed session | I76: P1 | J76: Negative / State Handling | K76: RQ-13, RQ-14, RQ-16 | L76: 3 | M76: RQ-13 | N76: SATE Web App; PDF Service | O76: Verify controlled behavior when a complete report is not available. | P76: Sessions exist in Processing, Partial, and Failed states. | Q76: Three controlled sessions. | R76: 1. Open each session. 2. Attempt export. 3. Observe message and any permitted partial-report option. | S76: Export is disabled or clearly labeled as partial according to requirement. No misleading complete report is generated. | T76: PDF service validates session state/version before generation. | U76: Export of a non-terminal session should be refused or clearly marked partial. RQ-16, unsettled. | V76: Check state, generated file presence, report labeling, and absence of stale report from another session. | W76: Incomplete sessions cannot produce an unlabeled or misleading complete report. | X76: Not Run | Z76: =COUNTIF('Defect Log'!$C$2:$C$500,$A76)
A77: SATE-PDF-006 | B77: In scope | D77: End User | E77: Tester | F77: Recorder · phone · browser | G77: PDF Export | H77: PDF file name, metadata, time zone, repeated export, and access | I77: P1 | J77: Functional / Security | K77: RQ-16, RQ-17, RQ-19 | L77: 3 | N77: SATE Web App; PDF Service; Authorization | O77: Verify report naming, metadata consistency, repeatability, and authorized access. | P77: Completed session exists; user has export access. | Q77: Session with known local date/time and user ID. | R77: 1. Export twice. 2. Review file names and document metadata. 3. Compare report date/time to Web App. 4. Attempt access after logout or URL expiration. | S77: File naming is deterministic and safe; repeat export does not create wrong content; unauthorized access is denied. | T77: Generated report remains bound to the correct session/version and protected by the approved authorization mechanism. | U77: Naming/metadata/authorization rules are RQ-16. Record behaviour. | V77: Check file name, report metadata, timestamps/time zone, version, access after logout, and duplicate report records. | W77: Repeated export is consistent and only authorized users can access the report. | X77: Not Run | Z77: =COUNTIF('Defect Log'!$C$2:$C$500,$A77)
A78: SATE-SEC-001 | B78: In scope | D78: End User | E78: Tester | F78: Recorder · phone · browser | G78: Security, Privacy, and Data Isolation | H78: User A cannot view User B's session through normal navigation | I78: P0 | J78: Security / Authorization | K78: RQ-17 | L78: 1 | N78: SATE Web App; Supabase Row-Level Security; Authentication | O78: Verify tenant/user data isolation. | P78: User A and User B each have completed sessions. | Q78: Two non-admin accounts with distinct data. | R78: 1. Log in as User A. 2. Review session list and search/filter. 3. Confirm User B's session is absent. 4. Repeat as User B. | S78: Each user sees only authorized sessions. | T78: Unauthorized rows/audio/report references are not returned by backend policies. | U78: Isolation is enforced by Supabase RLS on recordings / sate_device_sessions keyed on user_id. Verify with a direct PostgREST call using User A's token against User B's row — the UI hiding it is not proof. | V78: Review network responses, session IDs, audio/report URLs, and DB policy logs if available. | W78: No unauthorized metadata, transcript, annotation, audio, or report is exposed. | X78: Not Run | Z78: =COUNTIF('Defect Log'!$C$2:$C$500,$A78)
A79: SATE-SEC-002 | B79: In scope | D79: Both | E79: Tester + Engineer | F79: Recorder · phone · browser + Supabase read access · An HTTP client for direct PostgREST / device-api calls | G79: Security, Privacy, and Data Isolation | H79: Direct URL or session-ID manipulation | I79: P0 | J79: Security / Authorization | K79: RQ-17 | L79: 1 | N79: SATE Web App; API; Supabase Row-Level Security | O79: Verify that changing a URL or request ID cannot bypass access control. | P79: User A knows or is given User B's test session ID. | Q79: Two user accounts and one unauthorized session ID. | R79: 1. Log in as User A. 2. Replace URL/API session ID with User B's ID. 3. Attempt transcript, audio, annotation, and PDF access. | S79: UI returns an authorized Not Found/Access Denied response without revealing sensitive metadata. | T79: Backend rejects every unauthorized resource request regardless of client-side navigation. | U79: Same as SEC-001, at the API rather than the UI. A 200 here is a release blocker. | V79: Inspect HTTP status, response body, logs, and absence of leaked signed URLs or metadata. | W79: No protected content or existence-sensitive detail is disclosed. | X79: Not Run | Z79: =COUNTIF('Defect Log'!$C$2:$C$500,$A79)
A80: SATE-SEC-003 | B80: In scope (reduced) | C80: Web app logout and token invalidation only. Skip mobile app logout. | D80: Both | E80: Tester + Engineer | F80: Recorder · phone · browser + Supabase read access | G80: Security, Privacy, and Data Isolation | H80: Logout and token invalidation | I80: P0 | J80: Security | K80: RQ-17 | L80: 1 | N80: SATE Web App; Mobile App; Authentication | O80: Verify that an ended session cannot continue accessing protected data. | P80: User is logged in with an open transcript and active API token. | Q80: One authorized session. | R80: 1. Open transcript/audio. 2. Log out. 3. Use browser Back, refresh, saved API request, and prior audio/report URL. 4. Attempt access from another tab. | S80: Protected pages redirect to login or deny access. Cached sensitive content is not newly retrievable. | T80: Expired/revoked token is rejected. Protected URLs follow the approved expiry policy. | U80: Token invalidation is Supabase Auth. Confirm an old token is rejected by device-api, not just by the web app. | V80: Check API status, cache behavior, signed URL validity, and session cookies/tokens. | W80: Logout prevents further protected access according to policy. | X80: Not Run | Z80: =COUNTIF('Defect Log'!$C$2:$C$500,$A80)
A81: SATE-SEC-004 | B81: Deferred - mobile app | C81: Pending-session isolation across an account switch is purely mobile-app local storage. | D81: Both | E81: Tester + Engineer | F81: Recorder · phone · browser + Supabase read access | G81: Security, Privacy, and Data Isolation | H81: Pending local session remains isolated during account switch | I81: P0 | J81: Security / Data Isolation | K81: RQ-17, RQ-22 | L81: 2 | N81: SATE Mobile App; Local Storage; Authentication | O81: Verify local clinical data cannot cross user boundaries. | P81: User A has an unsynced session and account switching is permitted. | Q81: User A and User B accounts. | R81: 1. Create pending session as User A. 2. Switch to User B according to allowed flow. 3. Inspect local sessions and attempt upload/playback. 4. Return to User A. | S81: User B cannot see or interact with User A's pending data. | T81: Local encryption/ownership metadata keeps the item bound to User A; backend never receives it under User B. | U81: Pending local sessions must not become visible to the new account. Pairs with APP-006/007. | V81: Inspect local queue ownership, UI visibility, upload requests, and final backend owner. | W81: No cross-account access or upload occurs. | X81: Not Run | Z81: =COUNTIF('Defect Log'!$C$2:$C$500,$A81)
A82: SATE-SEC-005 | B82: In scope | D82: Both | E82: Tester + Engineer | F82: Recorder · phone · browser + Supabase read access | G82: Security, Privacy, and Data Isolation | H82: Role-based access to review, edit, export, retry, and administration | I82: P0 | J82: Security / Functional | K82: RQ-17 | L82: 1 | N82: SATE Web App; Authentication; Authorization | O82: Verify each role has only approved actions. | P82: Test accounts exist for Viewer, Clinician/Editor, and Admin or the actual SATE roles. | Q82: One completed and one failed session. | R82: 1. Log in as each role. 2. Attempt view, audio playback, edit, export, retry/reprocess, and administrative actions. 3. Attempt direct API calls for hidden actions. | S82: UI shows only permitted actions; forbidden actions are disabled or absent. | T82: Backend independently enforces permissions and rejects forbidden API calls. | U82: Admin is gated on the sate_admins table, by email; /admin manages ALL devices and firmware system-wide. ⚠️ **Known gap:** POST /firmware (publishFirmware) is routed **above** the /admin gate, so any authenticated user can push fleet-wide OTA. It validates the image (semver, 0xE9 magic, size cap) but has no isAdmin() check. Same in the Cloudflare port. Test it — it should fail, and it is a known open item, not a new finding. | V82: Record action matrix, HTTP results, audit entries, and any exposed data. | W82: Every action matches the approved role matrix with no client-side-only security. | X82: Not Run | Z82: =COUNTIF('Defect Log'!$C$2:$C$500,$A82)
A83: SATE-SEC-006 | B83: In scope | D83: Both | E83: Tester + Engineer | F83: Recorder · phone · browser + Supabase read access · Ability to read a signed URL and wait out its expiry | G83: Security, Privacy, and Data Isolation | H83: Signed audio/report URL expiry and sharing | I83: P0 | J83: Security | K83: RQ-17 | L83: 1 | N83: SATE Web App; Storage; PDF Service; Authorization | O83: Verify temporary resource links cannot provide indefinite unauthorized access. | P83: System uses signed/temporary URLs or equivalent protected access. | Q83: One audio URL and one PDF URL. | R83: 1. Obtain authorized URLs. 2. Test before expiry. 3. Test in a logged-out/private browser. 4. Test after expiry. 5. Request a new authorized URL. | S83: Access follows policy; expired or unauthorized links fail cleanly. | T83: Storage/PDF endpoint validates signature, expiry, and authorization as designed. | U83: Signed URLs come from Supabase Storage. Confirm expiry is actually enforced by requesting after it lapses. | V83: Record URL lifetime, HTTP results, referrer/cache behavior, and new-link generation. | W83: Protected media and reports are not indefinitely accessible through copied links. | X83: Not Run | Z83: =COUNTIF('Defect Log'!$C$2:$C$500,$A83)
A84: SATE-SEC-007 | B84: In scope | D84: Server Side | E84: Engineer | F84: Supabase SQL + Storage · cf-processor logs · Log access · database access for audit and retention checks | G84: Security, Privacy, and Data Isolation | H84: Deletion, retention, audit trail, and sensitive logging | I84: P0 | J84: Security / Privacy / Data Lifecycle | K84: RQ-18 | L84: 1 | N84: SATE Web App; Supabase; Storage; Edge Functions; Logs | O84: Verify approved deletion/retention behavior and absence of unnecessary sensitive content in logs. | P84: Test session can be deleted or marked for deletion; log access is available to authorized tester. | Q84: One completed session with transcript, annotations, audio, report, and edit/retry history. | R84: 1. Review audit records before deletion. 2. Delete according to the approved workflow. 3. Attempt access to session, audio, transcript, and PDF. 4. Inspect storage/DB/processing records and logs. 5. Verify retention exceptions if applicable. | S84: User sees a clear deletion outcome and can no longer access deleted content unless policy provides a recoverable period. | T84: All related resources are deleted, tombstoned, or retained exactly according to policy. Logs avoid raw sensitive audio/transcript unless explicitly approved. | U84: Deletion/retention is RQ-18, unsettled. Note the device side is already decided: full deletion is **user-only** (deleteSessionFiles(), the Delete button); automatic reclaim frees audio only after server verification and keeps a .synced tombstone so the slot stays numbered. Check logs for leaked device keys or tokens. | V84: Check session row, audio object, result rows, report, signed URLs, audit entries, backups/retention markers, and log contents. | W84: Data lifecycle matches policy and logs do not expose unnecessary sensitive clinical content. | X84: Not Run | Z84: =COUNTIF('Defect Log'!$C$2:$C$500,$A84)
A85: SATE-COMP-001 | B85: Deferred - mobile app | C85: iOS / Android version matrix. | D85: End User | E85: Tester | F85: Recorder · phone · browser | G85: Compatibility and Deployment | H85: Supported iOS and Android versions and representative devices | I85: P1 | J85: Compatibility | K85: RQ-19 | L85: 1 | N85: SATE Mobile App; BLE Accessory; OS | O85: Verify core workflows across the supported mobile matrix. | P85: Supported OS/device list is approved. | Q85: At minimum: oldest supported iOS, current iOS, oldest supported Android, current Android, one low-end Android, one current flagship. | R85: 1. Install and log in on each device. 2. Pair BLE device. 3. Record, upload, review status, and recover from one brief network loss. 4. Compare behavior. | S85: Core controls, permissions, background behavior, and status displays work consistently. | T85: Sessions from all supported devices use valid metadata and complete normally. | U85: Record OS/app versions in the evidence. No server-side check. | V85: Record OS, model, app version, device ID, session result, crash logs, and performance notes. | W85: All release-supported mobile configurations pass P0 workflows or have documented exceptions. | X85: Not Run | Z85: =COUNTIF('Defect Log'!$C$2:$C$500,$A85)
A86: SATE-COMP-002 | B86: In scope | D86: End User | E86: Tester | F86: Recorder · phone · browser | G86: Compatibility and Deployment | H86: Supported desktop browsers for Web App and PDF | I86: P1 | J86: Compatibility | K86: RQ-19 | L86: 1 | N86: SATE Web App; Chrome; Edge; Safari; PDF Viewer | O86: Verify review, editing, audio playback, and PDF export across supported browsers. | P86: Supported browser/version list is approved. | Q86: Latest supported Chrome, Edge, and Safari; representative screen sizes. | R86: 1. Log in on each browser. 2. Open session list and transcript. 3. Play audio. 4. Edit/save if supported. 5. Export/open PDF. | S86: Layout, controls, audio, editing, and PDF work without browser-specific corruption. | T86: Requests and saved versions remain consistent across browsers. | U86: Browser matrix only. | V86: Record browser/version, session ID, functional results, console errors, and screenshots. | W86: All supported browsers complete the approved workflow without data integrity defects. | X86: Not Run | Z86: =COUNTIF('Defect Log'!$C$2:$C$500,$A86)
A87: SATE-COMP-003 | B87: In scope (reduced) | C87: Older recorder firmware against the current backend. Skip the older app build. | D87: Both | E87: Tester + Engineer | F87: Recorder · phone · browser + Supabase read access · An older app build and an older firmware image | G87: Compatibility and Deployment | H87: Older app/firmware version against current backend | I87: P1 | J87: Backward Compatibility | K87: RQ-19 | L87: 1 | N87: SATE Recorder Firmware; Mobile App; Supabase; Edge Functions | O87: Verify supported version compatibility and safe rejection of unsupported versions. | P87: One older supported build and one intentionally unsupported build are available. | Q87: Older recorder firmware/mobile app test devices. | R87: 1. Connect the older supported version and run a session. 2. Attempt the same with an unsupported version. 3. Observe upgrade messaging and backend handling. | S87: Supported older version works as documented. Unsupported version is blocked or warned before data loss occurs. | T87: Backend validates schema/version and does not store malformed incompatible records. | U87: Older firmware against current backend. device-api is versioned in-comment (currently v18) and routes are additive — /sessions/verify (v15) and /sessions/upload-progress (v16) simply do not exist for older firmware, which must degrade rather than fail. A recorder below fw 1.5.13 does not use verified trim at all. | V87: Check app/firmware version metadata, API response, session schema, and upgrade path. | W87: Version compatibility follows the release policy with no silent corruption. | X87: Not Run | Z87: =COUNTIF('Defect Log'!$C$2:$C$500,$A87)
A88: SATE-COMP-004 | B88: In scope (reduced) | C88: Recorder clock and stored timestamps. Skip phone clock skew. | D88: Both | E88: Tester + Engineer | F88: Recorder · phone · browser + Supabase read access | G88: Compatibility and Deployment | H88: Time zone, daylight-saving transition, and device clock skew | I88: P1 | J88: Compatibility / Data Integrity | K88: RQ-19 | L88: 1 | N88: SATE Recorder; Mobile App; Supabase; Web App; PDF | O88: Verify canonical time storage and correct display under clock differences. | P88: Test environment can change time zone/clock or use simulated timestamps. | Q88: Sessions across two time zones; one device clock intentionally skewed; DST boundary simulation if practical. | R88: 1. Record sessions in each time setting. 2. Sync and review Web App/PDF timestamps. 3. Correct device clock and repeat. 4. Compare ordering and duration. | S88: Displayed local time follows product rules; warning appears for severe clock skew if supported; duration remains correct. | T88: Canonical server timestamps and device timestamps are distinguishable and do not reorder or mis-associate sessions incorrectly. | U88: Canonical timestamps are UTC; only display converts. A DST shift must not move a stored value. | V88: Compare UTC/local timestamps, time-zone field, duration, sort order, and PDF metadata. | W88: No unexplained one-hour/day shift, negative duration, or incorrect session ordering occurs. | X88: Not Run | Z88: =COUNTIF('Defect Log'!$C$2:$C$500,$A88)
A89: SATE-COMP-005 | B89: Deferred - mobile app | C89: Low-end phone performance. | D89: End User | E89: Tester | F89: Recorder · phone · browser | G89: Compatibility and Deployment | H89: Low-end device and degraded network performance | I89: P1 | J89: Performance / Compatibility | K89: RQ-19, RQ-20 | L89: 2 | M89: RQ-20 | N89: SATE Mobile App; BLE Accessory; Supabase; Web App | O89: Verify minimum supported hardware remains usable under realistic constraints. | P89: Low-end supported phone and throttled/weak network are available. | Q89: 10-minute recording; limited memory/storage; high latency and low bandwidth. | R89: 1. Pair device and record. 2. Background/foreground once. 3. Upload over degraded network. 4. Review transcript and export PDF. 5. Capture resource metrics and errors. | S89: App remains responsive enough to complete the workflow and communicates delays clearly. | T89: Retries remain bounded; session completes or reaches a clear recoverable state without duplicate jobs. | U89: Observation only. | V89: Record memory, battery, upload time, crash/ANR logs, session/object counts, and final integrity. | W89: Minimum supported hardware/network completes the workflow or fails safely within documented limits. | X89: Not Run | Z89: =COUNTIF('Defect Log'!$C$2:$C$500,$A89)

Sheet Requirements
A1: Requirement ID | B1: Topic | C1: Definition Status | D1: Definition / Decision Needed | E1: Linked Test Cases | F1: Cases | G1: P0 Cases | H1: Passed | I1: Failed | J1: Blocked | K1: Not Run | L1: Coverage
A2: RQ-01 | B2: Session state model | C2: Required | D2: Define canonical states and valid transitions, including Recording, Local Saved, Pending Upload, Uploading, Uploaded, Processing, Completed, Retryable Failure, Final Failure, Interrupted, and Cancelled. | E2: SATE-E2E-001, SATE-E2E-002, SATE-E2E-005, SATE-BE-001, SATE-BE-009, SATE-WEB-002 | F2: 6 | G2: 5 | H2: =SUMPRODUCT(--ISNUMBER(SEARCH($A2,'Test Cases'!$K$2:$K$89)),--('Test Cases'!$X$2:$X$89="Pass")) | I2: =SUMPRODUCT(--ISNUMBER(SEARCH($A2,'Test Cases'!$K$2:$K$89)),--('Test Cases'!$X$2:$X$89="Fail")) | J2: =SUMPRODUCT(--ISNUMBER(SEARCH($A2,'Test Cases'!$K$2:$K$89)),--('Test Cases'!$X$2:$X$89="Blocked")) | K2: =SUMPRODUCT(--ISNUMBER(SEARCH($A2,'Test Cases'!$K$2:$K$89)),--('Test Cases'!$X$2:$X$89="Not Run")) | L2: =IF($F2=0,"UNCOVERED",IF($H2=$F2,"Complete",IF($I2>0,"Failing",IF($H2+$I2+$J2=0,"Not started","In progress"))))
A3: RQ-02 | B3: Single source of truth | C3: Required | D3: Define which component owns canonical session status and how stale/out-of-order updates are rejected. | E3: SATE-E2E-001, SATE-E2E-005, SATE-BE-001, SATE-BE-009, SATE-BE-011 | F3: 5 | G3: 5 | H3: =SUMPRODUCT(--ISNUMBER(SEARCH($A3,'Test Cases'!$K$2:$K$89)),--('Test Cases'!$X$2:$X$89="Pass")) | I3: =SUMPRODUCT(--ISNUMBER(SEARCH($A3,'Test Cases'!$K$2:$K$89)),--('Test Cases'!$X$2:$X$89="Fail")) | J3: =SUMPRODUCT(--ISNUMBER(SEARCH($A3,'Test Cases'!$K$2:$K$89)),--('Test Cases'!$X$2:$X$89="Blocked")) | K3: =SUMPRODUCT(--ISNUMBER(SEARCH($A3,'Test Cases'!$K$2:$K$89)),--('Test Cases'!$X$2:$X$89="Not Run")) | L3: =IF($F3=0,"UNCOVERED",IF($H3=$F3,"Complete",IF($I3>0,"Failing",IF($H3+$I3+$J3=0,"Not started","In progress"))))
A4: RQ-03 | B4: Unique identity and idempotency | C4: Required | D4: Every source recording must have a stable unique ID/idempotency key across recorder, mobile app, storage, database, processing, Web App, and report. | E4: SATE-E2E-001, SATE-E2E-006, SATE-REC-001, SATE-REC-006, SATE-REC-007, SATE-NET-004, SATE-NET-010, SATE-QUE-001, SATE-QUE-002, SATE-QUE-006, SATE-BE-008, SATE-BE-011 | F4: 12 | G4: 12 | H4: =SUMPRODUCT(--ISNUMBER(SEARCH($A4,'Test Cases'!$K$2:$K$89)),--('Test Cases'!$X$2:$X$89="Pass")) | I4: =SUMPRODUCT(--ISNUMBER(SEARCH($A4,'Test Cases'!$K$2:$K$89)),--('Test Cases'!$X$2:$X$89="Fail")) | J4: =SUMPRODUCT(--ISNUMBER(SEARCH($A4,'Test Cases'!$K$2:$K$89)),--('Test Cases'!$X$2:$X$89="Blocked")) | K4: =SUMPRODUCT(--ISNUMBER(SEARCH($A4,'Test Cases'!$K$2:$K$89)),--('Test Cases'!$X$2:$X$89="Not Run")) | L4: =IF($F4=0,"UNCOVERED",IF($H4=$F4,"Complete",IF($I4>0,"Failing",IF($H4+$I4+$J4=0,"Not started","In progress"))))
A5: RQ-04 | B5: Local persistence and audio storage | C5: Required | D5: Define local file persistence, server object-storage location, temporary-file behavior, acknowledgement, cleanup, and corruption detection. | E5: SATE-E2E-001, SATE-REC-001, SATE-REC-002, SATE-REC-004, SATE-REC-005, SATE-REC-006, SATE-NET-001, SATE-NET-002, SATE-QUE-003, SATE-BLE-007, SATE-APP-002, SATE-APP-008, SATE-BE-011, SATE-WEB-004 | F5: 14 | G5: 13 | H5: =SUMPRODUCT(--ISNUMBER(SEARCH($A5,'Test Cases'!$K$2:$K$89)),--('Test Cases'!$X$2:$X$89="Pass")) | I5: =SUMPRODUCT(--ISNUMBER(SEARCH($A5,'Test Cases'!$K$2:$K$89)),--('Test Cases'!$X$2:$X$89="Fail")) | J5: =SUMPRODUCT(--ISNUMBER(SEARCH($A5,'Test Cases'!$K$2:$K$89)),--('Test Cases'!$X$2:$X$89="Blocked")) | K5: =SUMPRODUCT(--ISNUMBER(SEARCH($A5,'Test Cases'!$K$2:$K$89)),--('Test Cases'!$X$2:$X$89="Not Run")) | L5: =IF($F5=0,"UNCOVERED",IF($H5=$F5,"Complete",IF($I5>0,"Failing",IF($H5+$I5+$J5=0,"Not started","In progress"))))
A6: RQ-05 | B6: Audio integrity tolerance | C6: Needs confirmation | D6: Define checksum method and acceptable duration difference. Proposed starting criterion: server audio duration differs from local audio by no more than the larger of 2 seconds or 2%, unless codec behavior requires another validated tolerance. | E6: — no test case references this — | F6: 0 | G6: 0 | H6: =SUMPRODUCT(--ISNUMBER(SEARCH($A6,'Test Cases'!$K$2:$K$89)),--('Test Cases'!$X$2:$X$89="Pass")) | I6: =SUMPRODUCT(--ISNUMBER(SEARCH($A6,'Test Cases'!$K$2:$K$89)),--('Test Cases'!$X$2:$X$89="Fail")) | J6: =SUMPRODUCT(--ISNUMBER(SEARCH($A6,'Test Cases'!$K$2:$K$89)),--('Test Cases'!$X$2:$X$89="Blocked")) | K6: =SUMPRODUCT(--ISNUMBER(SEARCH($A6,'Test Cases'!$K$2:$K$89)),--('Test Cases'!$X$2:$X$89="Not Run")) | L6: =IF($F6=0,"UNCOVERED",IF($H6=$F6,"Complete",IF($I6>0,"Failing",IF($H6+$I6+$J6=0,"Not started","In progress"))))
A7: RQ-06 | B7: Interrupted recording policy | C7: Needs confirmation | D7: Recommended behavior: preserve valid captured audio as an Interrupted session and never silently discard or mark it Completed. | E7: SATE-REC-001, SATE-REC-002, SATE-REC-003, SATE-REC-005, SATE-REC-006, SATE-BLE-007, SATE-BLE-008, SATE-APP-002 | F7: 8 | G7: 8 | H7: =SUMPRODUCT(--ISNUMBER(SEARCH($A7,'Test Cases'!$K$2:$K$89)),--('Test Cases'!$X$2:$X$89="Pass")) | I7: =SUMPRODUCT(--ISNUMBER(SEARCH($A7,'Test Cases'!$K$2:$K$89)),--('Test Cases'!$X$2:$X$89="Fail")) | J7: =SUMPRODUCT(--ISNUMBER(SEARCH($A7,'Test Cases'!$K$2:$K$89)),--('Test Cases'!$X$2:$X$89="Blocked")) | K7: =SUMPRODUCT(--ISNUMBER(SEARCH($A7,'Test Cases'!$K$2:$K$89)),--('Test Cases'!$X$2:$X$89="Not Run")) | L7: =IF($F7=0,"UNCOVERED",IF($H7=$F7,"Complete",IF($I7>0,"Failing",IF($H7+$I7+$J7=0,"Not started","In progress"))))
A8: RQ-07 | B8: Minimum and maximum duration | C8: Needs confirmation | D8: Define minimum accepted recording length, maximum supported duration, warning timing, and behavior at/over the limit. | E8: SATE-E2E-002, SATE-REC-004, SATE-LONG-001, SATE-LONG-002, SATE-LONG-003 | F8: 5 | G8: 4 | H8: =SUMPRODUCT(--ISNUMBER(SEARCH($A8,'Test Cases'!$K$2:$K$89)),--('Test Cases'!$X$2:$X$89="Pass")) | I8: =SUMPRODUCT(--ISNUMBER(SEARCH($A8,'Test Cases'!$K$2:$K$89)),--('Test Cases'!$X$2:$X$89="Fail")) | J8: =SUMPRODUCT(--ISNUMBER(SEARCH($A8,'Test Cases'!$K$2:$K$89)),--('Test Cases'!$X$2:$X$89="Blocked")) | K8: =SUMPRODUCT(--ISNUMBER(SEARCH($A8,'Test Cases'!$K$2:$K$89)),--('Test Cases'!$X$2:$X$89="Not Run")) | L8: =IF($F8=0,"UNCOVERED",IF($H8=$F8,"Complete",IF($I8>0,"Failing",IF($H8+$I8+$J8=0,"Not started","In progress"))))
A9: RQ-08 | B9: Upload queue behavior | C9: Required | D9: Define persistence, ordering, per-item fault isolation, maximum queue size, and when local data may be removed. | E9: SATE-REC-007, SATE-NET-001, SATE-NET-003, SATE-QUE-001, SATE-QUE-002, SATE-QUE-003, SATE-QUE-004, SATE-QUE-005, SATE-APP-003, SATE-APP-004 | F9: 10 | G9: 10 | H9: =SUMPRODUCT(--ISNUMBER(SEARCH($A9,'Test Cases'!$K$2:$K$89)),--('Test Cases'!$X$2:$X$89="Pass")) | I9: =SUMPRODUCT(--ISNUMBER(SEARCH($A9,'Test Cases'!$K$2:$K$89)),--('Test Cases'!$X$2:$X$89="Fail")) | J9: =SUMPRODUCT(--ISNUMBER(SEARCH($A9,'Test Cases'!$K$2:$K$89)),--('Test Cases'!$X$2:$X$89="Blocked")) | K9: =SUMPRODUCT(--ISNUMBER(SEARCH($A9,'Test Cases'!$K$2:$K$89)),--('Test Cases'!$X$2:$X$89="Not Run")) | L9: =IF($F9=0,"UNCOVERED",IF($H9=$F9,"Complete",IF($I9>0,"Failing",IF($H9+$I9+$J9=0,"Not started","In progress"))))
A10: RQ-09 | B10: Upload resume strategy | C10: Needs confirmation | D10: Define resumable/chunked upload versus full restart, incomplete-object cleanup, backoff, and concurrent retry prevention. | E10: SATE-NET-004, SATE-NET-008, SATE-NET-009, SATE-NET-010, SATE-LONG-004, SATE-APP-003 | F10: 6 | G10: 4 | H10: =SUMPRODUCT(--ISNUMBER(SEARCH($A10,'Test Cases'!$K$2:$K$89)),--('Test Cases'!$X$2:$X$89="Pass")) | I10: =SUMPRODUCT(--ISNUMBER(SEARCH($A10,'Test Cases'!$K$2:$K$89)),--('Test Cases'!$X$2:$X$89="Fail")) | J10: =SUMPRODUCT(--ISNUMBER(SEARCH($A10,'Test Cases'!$K$2:$K$89)),--('Test Cases'!$X$2:$X$89="Blocked")) | K10: =SUMPRODUCT(--ISNUMBER(SEARCH($A10,'Test Cases'!$K$2:$K$89)),--('Test Cases'!$X$2:$X$89="Not Run")) | L10: =IF($F10=0,"UNCOVERED",IF($H10=$F10,"Complete",IF($I10>0,"Failing",IF($H10+$I10+$J10=0,"Not started","In progress"))))
A11: RQ-10 | B11: Offline/background behavior | C11: Required | D11: Define what auto-uploads in foreground/background/locked states and what requires reopening the app. | E11: SATE-REC-007, SATE-NET-001, SATE-NET-002, SATE-NET-003, SATE-NET-004, SATE-NET-005, SATE-NET-006, SATE-NET-007, SATE-NET-008, SATE-NET-009, SATE-QUE-002, SATE-QUE-003, SATE-QUE-005, SATE-LONG-004, SATE-LONG-005, SATE-APP-001, SATE-APP-003, SATE-APP-004, SATE-APP-005 | F11: 19 | G11: 15 | H11: =SUMPRODUCT(--ISNUMBER(SEARCH($A11,'Test Cases'!$K$2:$K$89)),--('Test Cases'!$X$2:$X$89="Pass")) | I11: =SUMPRODUCT(--ISNUMBER(SEARCH($A11,'Test Cases'!$K$2:$K$89)),--('Test Cases'!$X$2:$X$89="Fail")) | J11: =SUMPRODUCT(--ISNUMBER(SEARCH($A11,'Test Cases'!$K$2:$K$89)),--('Test Cases'!$X$2:$X$89="Blocked")) | K11: =SUMPRODUCT(--ISNUMBER(SEARCH($A11,'Test Cases'!$K$2:$K$89)),--('Test Cases'!$X$2:$X$89="Not Run")) | L11: =IF($F11=0,"UNCOVERED",IF($H11=$F11,"Complete",IF($I11>0,"Failing",IF($H11+$I11+$J11=0,"Not started","In progress"))))
A12: RQ-11 | B12: 5xx/timeout retry policy | C12: Partially defined | D12: Architecture states a maximum of three attempts for 5xx. Confirm attempt counting, timeout classification, backoff, jitter, and late-response handling. | E12: SATE-QUE-004, SATE-BE-002, SATE-BE-003, SATE-BE-005, SATE-BE-010 | F12: 5 | G12: 5 | H12: =SUMPRODUCT(--ISNUMBER(SEARCH($A12,'Test Cases'!$K$2:$K$89)),--('Test Cases'!$X$2:$X$89="Pass")) | I12: =SUMPRODUCT(--ISNUMBER(SEARCH($A12,'Test Cases'!$K$2:$K$89)),--('Test Cases'!$X$2:$X$89="Fail")) | J12: =SUMPRODUCT(--ISNUMBER(SEARCH($A12,'Test Cases'!$K$2:$K$89)),--('Test Cases'!$X$2:$X$89="Blocked")) | K12: =SUMPRODUCT(--ISNUMBER(SEARCH($A12,'Test Cases'!$K$2:$K$89)),--('Test Cases'!$X$2:$X$89="Not Run")) | L12: =IF($F12=0,"UNCOVERED",IF($H12=$F12,"Complete",IF($I12>0,"Failing",IF($H12+$I12+$J12=0,"Not started","In progress"))))
A13: RQ-12 | B13: 4xx handling | C13: Needs confirmation | D13: Define non-retryable and retryable 4xx classes and user-facing recovery actions. | E13: SATE-BE-004 | F13: 1 | G13: 1 | H13: =SUMPRODUCT(--ISNUMBER(SEARCH($A13,'Test Cases'!$K$2:$K$89)),--('Test Cases'!$X$2:$X$89="Pass")) | I13: =SUMPRODUCT(--ISNUMBER(SEARCH($A13,'Test Cases'!$K$2:$K$89)),--('Test Cases'!$X$2:$X$89="Fail")) | J13: =SUMPRODUCT(--ISNUMBER(SEARCH($A13,'Test Cases'!$K$2:$K$89)),--('Test Cases'!$X$2:$X$89="Blocked")) | K13: =SUMPRODUCT(--ISNUMBER(SEARCH($A13,'Test Cases'!$K$2:$K$89)),--('Test Cases'!$X$2:$X$89="Not Run")) | L13: =IF($F13=0,"UNCOVERED",IF($H13=$F13,"Complete",IF($I13>0,"Failing",IF($H13+$I13+$J13=0,"Not started","In progress"))))
... A23: RQ-22 | B23: Pending data during logout/account switch | C23: Required | D23: Define secure ownership, visibility, encryption, upload rights, warnings, and supported app update/reinstall behavior for unsynced sessions. | E23: SATE-APP-006, SATE-APP-007, SATE-APP-008, SATE-SEC-004 | F23: 4 | G23: 3 | H23: =SUMPRODUCT(--ISNUMBER(SEARCH($A23,'Test Cases'!$K$2:$K$89)),--('Test Cases'!$X$2:$X$89="Pass")) | I23: =SUMPRODUCT(--ISNUMBER(SEARCH($A23,'Test Cases'!$K$2:$K$89)),--('Test Cases'!$X$2:$X$89="Fail")) | J23: =SUMPRODUCT(--ISNUMBER(SEARCH($A23,'Test Cases'!$K$2:$K$89)),--('Test Cases'!$X$2:$X$89="Blocked")) | K23: =SUMPRODUCT(--ISNUMBER(SEARCH($A23,'Test Cases'!$K$2:$K$89)),--('Test Cases'!$X$2:$X$89="Not Run")) | L23: =IF($F23=0,"UNCOVERED",IF($H23=$F23,"Complete",IF($I23>0,"Failing",IF($H23+$I23+$J23=0,"Not started","In progress"))))

Sheet Traceability
A1: Requirement ID | B1: Requirement Topic | C1: Definition Status | D1: Test Case ID | E1: Test Case Title | F1: Category | G1: Priority | H1: Test Case Status
A2: RQ-01 | B2: Session state model | C2: Required | D2: SATE-BE-001 | E2: Standard backend status progression and result persistence | F2: Backend, Retry, and AI Processing | G2: P0 | H2: =IFERROR(VLOOKUP($D2,'Test Cases'!$A:$X,24,FALSE),"")
A3: RQ-01 | B3: Session state model | C3: Required | D3: SATE-BE-009 | E3: Out-of-order status updates or late responses | F3: Backend, Retry, and AI Processing | G3: P0 | H3: =IFERROR(VLOOKUP($D3,'Test Cases'!$A:$X,24,FALSE),"")
A4: RQ-01 | B4: Session state model | C4: Required | D4: SATE-E2E-001 | E4: Standard online recording, upload, processing, review, and PDF export | F4: End-to-End Recording and Sync | G4: P0 | H4: =IFERROR(VLOOKUP($D4,'Test Cases'!$A:$X,24,FALSE),"")
A5: RQ-01 | B5: Session state model | C5: Required | D5: SATE-E2E-002 | E5: Very short recording near the minimum supported duration | F5: End-to-End Recording and Sync | G5: P1 | H5: =IFERROR(VLOOKUP($D5,'Test Cases'!$A:$X,24,FALSE),"")
A6: RQ-01 | B6: Session state model | C6: Required | D6: SATE-E2E-005 | E6: Session metadata, timestamp, time-zone, and device association | F6: End-to-End Recording and Sync | G6: P0 | H6: =IFERROR(VLOOKUP($D6,'Test Cases'!$A:$X,24,FALSE),"")
A7: RQ-01 | B7: Session state model | C7: Required | D7: SATE-WEB-002 | E7: Display of Processing, Retryable Failure, and Final Failure states | F7: Web Transcript Review | G7: P0 | H7: =IFERROR(VLOOKUP($D7,'Test Cases'!$A:$X,24,FALSE),"")
A8: RQ-02 | B8: Single source of truth | C8: Required | D8: SATE-BE-001 | E8: Standard backend status progression and result persistence | F8: Backend, Retry, and AI Processing | G8: P0 | H8: =IFERROR(VLOOKUP($D8,'Test Cases'!$A:$X,24,FALSE),"")
A9: RQ-02 | B9: Single source of truth | C9: Required | D9: SATE-BE-009 | E9: Out-of-order status updates or late responses | F9: Backend, Retry, and AI Processing | G9: P0 | H9: =IFERROR(VLOOKUP($D9,'Test Cases'!$A:$X,24,FALSE),"")
A10: RQ-02 | B10: Single source of truth | C10: Required | D10: SATE-BE-011 | E10: Audio upload succeeds but database/session update fails | F10: Backend, Retry, and AI Processing | G10: P0 | H10: =IFERROR(VLOOKUP($D10,'Test Cases'!$A:$X,24,FALSE),"")
A11: RQ-02 | B11: Single source of truth | C11: Required | D11: SATE-E2E-001 | E11: Standard online recording, upload, processing, review, and PDF export | F11: End-to-End Recording and Sync | G11: P0 | H11: =IFERROR(VLOOKUP($D11,'Test Cases'!$A:$X,24,FALSE),"")
A12: RQ-02 | B12: Single source of truth | C12: Required | D12: SATE-E2E-005 | E12: Session metadata, timestamp, time-zone, and device association | F12: End-to-End Recording and Sync | G12: P0 | H12: =IFERROR(VLOOKUP($D12,'Test Cases'!$A:$X,24,FALSE),"")
A13: RQ-03 | B13: Unique identity and idempotency | C13: Required | D13: SATE-BE-008 | E13: Duplicate AI callback or duplicate result submission | F13: Backend, Retry, and AI Processing | G13: P0 | H13: =IFERROR(VLOOKUP($D13,'Test Cases'!$A:$X,24,FALSE),"")
... A182: RQ-22 | B182: Pending data during logout/account switch | C182: Required | D182: SATE-SEC-004 | E182: Pending local session remains isolated during account switch | F182: Security, Privacy, and Data Isolation | G182: P0 | H182: =IFERROR(VLOOKUP($D182,'Test Cases'!$A:$X,24,FALSE),"")

Sheet Defect Log
A1: Defect ID | B1: Date Found | C1: Test Case ID | D1: Test Case Title | E1: Category | F1: Priority | G1: Requirement IDs | H1: Severity | I1: Status | J1: Component | K1: Summary | L1: Steps to Reproduce | M1: Expected Result | N1: Actual Result | O1: Session ID / Request IDs | P1: Environment | Q1: Owner | R1: Target Fix Version | S1: Retest Result | T1: Evidence / Link
D2: =IFERROR(VLOOKUP($C2,'Test Cases'!$A:$H,8,FALSE),"") | E2: =IFERROR(VLOOKUP($C2,'Test Cases'!$A:$G,7,FALSE),"") | F2: =IFERROR(VLOOKUP($C2,'Test Cases'!$A:$I,9,FALSE),"") | G2: =IFERROR(VLOOKUP($C2,'Test Cases'!$A:$K,11,FALSE),"") | I2: Open
D3: =IFERROR(VLOOKUP($C3,'Test Cases'!$A:$H,8,FALSE),"") | E3: =IFERROR(VLOOKUP($C3,'Test Cases'!$A:$G,7,FALSE),"") | F3: =IFERROR(VLOOKUP($C3,'Test Cases'!$A:$I,9,FALSE),"") | G3: =IFERROR(VLOOKUP($C3,'Test Cases'!$A:$K,11,FALSE),"") | I3: Open
D4: =IFERROR(VLOOKUP($C4,'Test Cases'!$A:$H,8,FALSE),"") | E4: =IFERROR(VLOOKUP($C4,'Test Cases'!$A:$G,7,FALSE),"") | F4: =IFERROR(VLOOKUP($C4,'Test Cases'!$A:$I,9,FALSE),"") | G4: =IFERROR(VLOOKUP($C4,'Test Cases'!$A:$K,11,FALSE),"") | I4: Open
D5: =IFERROR(VLOOKUP($C5,'Test Cases'!$A:$H,8,FALSE),"") | E5: =IFERROR(VLOOKUP($C5,'Test Cases'!$A:$G,7,FALSE),"") | F5: =IFERROR(VLOOKUP($C5,'Test Cases'!$A:$I,9,FALSE),"") | G5: =IFERROR(VLOOKUP($C5,'Test Cases'!$A:$K,11,FALSE),"") | I5: Open
D6: =IFERROR(VLOOKUP($C6,'Test Cases'!$A:$H,8,FALSE),"") | E6: =IFERROR(VLOOKUP($C6,'Test Cases'!$A:$G,7,FALSE),"") | F6: =IFERROR(VLOOKUP($C6,'Test Cases'!$A:$I,9,FALSE),"") | G6: =IFERROR(VLOOKUP($C6,'Test Cases'!$A:$K,11,FALSE),"") | I6: Open
D7: =IFERROR(VLOOKUP($C7,'Test Cases'!$A:$H,8,FALSE),"") | E7: =IFERROR(VLOOKUP($C7,'Test Cases'!$A:$G,7,FALSE),"") | F7: =IFERROR(VLOOKUP($C7,'Test Cases'!$A:$I,9,FALSE),"") | G7: =IFERROR(VLOOKUP($C7,'Test Cases'!$A:$K,11,FALSE),"") | I7: Open
D8: =IFERROR(VLOOKUP($C8,'Test Cases'!$A:$H,8,FALSE),"") | E8: =IFERROR(VLOOKUP($C8,'Test Cases'!$A:$G,7,FALSE),"") | F8: =IFERROR(VLOOKUP($C8,'Test Cases'!$A:$I,9,FALSE),"") | G8: =IFERROR(VLOOKUP($C8,'Test Cases'!$A:$K,11,FALSE),"") | I8: Open
D9: =IFERROR(VLOOKUP($C9,'Test Cases'!$A:$H,8,FALSE),"") | E9: =IFERROR(VLOOKUP($C9,'Test Cases'!$A:$G,7,FALSE),"") | F9: =IFERROR(VLOOKUP($C9,'Test Cases'!$A:$I,9,FALSE),"") | G9: =IFERROR(VLOOKUP($C9,'Test Cases'!$A:$K,11,FALSE),"") | I9: Open
D10: =IFERROR(VLOOKUP($C10,'Test Cases'!$A:$H,8,FALSE),"") | E10: =IFERROR(VLOOKUP($C10,'Test Cases'!$A:$G,7,FALSE),"") | F10: =IFERROR(VLOOKUP($C10,'Test Cases'!$A:$I,9,FALSE),"") | G10: =IFERROR(VLOOKUP($C10,'Test Cases'!$A:$K,11,FALSE),"") | I10: Open
D11: =IFERROR(VLOOKUP($C11,'Test Cases'!$A:$H,8,FALSE),"") | E11: =IFERROR(VLOOKUP($C11,'Test Cases'!$A:$G,7,FALSE),"") | F11: =IFERROR(VLOOKUP($C11,'Test Cases'!$A:$I,9,FALSE),"") | G11: =IFERROR(VLOOKUP($C11,'Test Cases'!$A:$K,11,FALSE),"") | I11: Open
D12: =IFERROR(VLOOKUP($C12,'Test Cases'!$A:$H,8,FALSE),"") | E12: =IFERROR(VLOOKUP($C12,'Test Cases'!$A:$G,7,FALSE),"") | F12: =IFERROR(VLOOKUP($C12,'Test Cases'!$A:$I,9,FALSE),"") | G12: =IFERROR(VLOOKUP($C12,'Test Cases'!$A:$K,11,FALSE),"") | I12: Open
D13: =IFERROR(VLOOKUP($C13,'Test Cases'!$A:$H,8,FALSE),"") | E13: =IFERROR(VLOOKUP($C13,'Test Cases'!$A:$G,7,FALSE),"") | F13: =IFERROR(VLOOKUP($C13,'Test Cases'!$A:$I,9,FALSE),"") | G13: =IFERROR(VLOOKUP($C13,'Test Cases'!$A:$K,11,FALSE),"") | I13: Open
... D201: =IFERROR(VLOOKUP($C201,'Test Cases'!$A:$H,8,FALSE),"") | E201: =IFERROR(VLOOKUP($C201,'Test Cases'!$A:$G,7,FALSE),"") | F201: =IFERROR(VLOOKUP($C201,'Test Cases'!$A:$I,9,FALSE),"") | G201: =IFERROR(VLOOKUP($C201,'Test Cases'!$A:$K,11,FALSE),"") | I201: Open

Sheet End-User Tests
A1: End-User Tests
A2: Everything a tester performs, IN THE CURRENT SCOPE — the mobile app and pendant are excluded. "Both" cases are listed here too: you run them, but an engineer has to confirm the result on the server before they can be marked Pass.
A4: TC ID | B4: Priority | C4: Category | D4: Test Case Title | E4: Scope Note | F4: Blocked By | G4: Preconditions | H4: Test Data / Environment | I4: Test Steps | J4: Expected Result (what the tester should see) | K4: Pass Criteria | L4: Status
A5: SATE-E2E-001 | B5: P0 | C5: End-to-End Recording and Sync | D5: Standard online recording, upload, processing, review, and PDF export | F5: RQ-20 | G5: Test user is active; recorder is assigned to the user; stable Internet is available; backend services are healthy; no existing test session uses the planned test label. | H5: 5-minute normal speech recording; stable Wi-Fi; supported browser. | I5: 1. Start a new recording. 2. Speak the unique session label at the beginning and end. 3. Stop and save the recording. 4. Wait for upload and processing to complete. 5. Open the session in the Web App. 6. Review transcript and annotations. 7. Export the SATE report as PDF. | J5: Recorder shows clear Recording, Saved, Uploading, Processing, and Completed states. The Web App shows the correct session, audio, transcript, annotations, and report controls. PDF opens successfully. | K5: All steps complete without manual recovery; no data loss, duplication, mis-association, or unhandled error occurs. | L5: =IFERROR(VLOOKUP($A5,'Test Cases'!$A:$X,24,FALSE),"")
A6: SATE-E2E-005 | B6: P0 | C6: End-to-End Recording and Sync | D6: Session metadata, timestamp, time-zone, and device association | G6: Recorder and phone clocks are set correctly; test account and device assignment are known. | H6: One 2-minute session created near a known clock time; record local time zone. | I6: 1. Note user, recorder ID, local start time, and end time. 2. Record and sync a session. 3. Compare metadata in device UI, database, Web App, and PDF. 4. Refresh and reopen the session. | J6: User name/ID, device, date, time, duration, and session label are consistent and displayed in the intended time zone. | K6: No incorrect user/device association, unexplained time shift, or material duration discrepancy is present. | L6: =IFERROR(VLOOKUP($A6,'Test Cases'!$A:$X,24,FALSE),"")
A7: SATE-E2E-006 | B7: P0 | C7: End-to-End Recording and Sync | D7: Repeated Stop, Save, Upload, or Submit actions | E7: Repeat Stop / Save / Upload on the recorder only. Skip the app's Submit control. | F7: RQ-21 | G7: Normal recording is in progress; tester can tap controls rapidly. | H7: 2-minute recording; stable network. | I7: 1. End the recording. 2. Rapidly tap Stop/Save several times. 3. If an Upload or Retry control appears, tap it repeatedly. 4. Wait for completion. 5. Inspect session list and backend records. | J7: Controls become disabled or requests are safely deduplicated. The user sees only one session. | K7: Repeated actions never create duplicate user-visible sessions, duplicate reports, or conflicting final states. | L7: =IFERROR(VLOOKUP($A7,'Test Cases'!$A:$X,24,FALSE),"")
A8: SATE-LONG-001 | B8: P0 | C8: Long Session and Performance | D8: Recording at the 30-minute boundary | F8: RQ-07, RQ-20 | G8: Device is fully charged with sufficient storage and stable network. | H8: Exactly 30-minute session with beginning, midpoint, and end markers. | I8: 1. Record exactly 30 minutes. 2. Stop and sync. 3. Wait for processing. 4. Review audio, transcript, annotations, and PDF. | J8: No timeout, crash, or unexplained warning occurs at the boundary. Progress remains responsive. | K8: The complete 30-minute session is preserved, processed, reviewed, and exported successfully. | L8: =IFERROR(VLOOKUP($A8,'Test Cases'!$A:$X,24,FALSE),"")
A9: SATE-LONG-002 | B9: P0 | C9: Long Session and Performance | D9: Forty-five-minute recording | F9: RQ-07, RQ-20 | G9: Battery, storage, and network are sufficient. | H9: 45-minute recording with markers every 10 minutes. | I9: 1. Record 45 minutes. 2. Stop and sync. 3. Monitor upload and processing time. 4. Review all markers in audio/transcript. 5. Export PDF. | J9: Device/app remains responsive. The Web App can load and navigate the long transcript. | K9: All content is complete and usable with no resource-related failure. | L9: =IFERROR(VLOOKUP($A9,'Test Cases'!$A:$X,24,FALSE),"")
A10: SATE-LONG-003 | B10: P0 | C10: Long Session and Performance | D10: Maximum supported recording duration | F10: RQ-07, RQ-20 | G10: Maximum duration is confirmed by product/engineering. | H10: Session at the maximum duration and, if safe, an attempt to exceed it. | I10: 1. Record until the maximum duration. 2. Observe warning or automatic stop behavior. 3. Attempt to continue if allowed. 4. Sync and review. | J10: The recorder warns before the limit and safely stops or blocks additional recording according to requirement. | K10: Maximum-duration behavior is predictable, safe, and fully documented. | L10: =IFERROR(VLOOKUP($A10,'Test Cases'!$A:$X,24,FALSE),"")
A11: SATE-LONG-004 | B11: P0 | C11: Long Session and Performance | D11: Long-session upload interrupted and resumed | E11: Run the recorder's direct Wi-Fi upload path. | F11: RQ-09, RQ-20 | G11: A 45-60 minute session is saved and upload begins. | H11: 45-60 minute recording; interrupt transfer around 50%. | I11: 1. Start upload. 2. Disable connectivity mid-transfer. 3. Keep offline for several minutes. 4. Restore connectivity. 5. Wait for completion and processing. | J11: Progress recovers or restarts according to the documented strategy. The user does not need to re-record. | K11: The large file completes without corruption, duplication, or permanent Uploading state. | L11: =IFERROR(VLOOKUP($A11,'Test Cases'!$A:$X,24,FALSE),"")
A12: SATE-NET-001 | B12: P0 | C12: Network, Offline, and Upload Recovery | D12: Recording starts and ends while fully offline | G12: Wi-Fi is disabled or unavailable before the session starts. | H12: 5-minute recording; restore Internet after the session is saved. | I12: 1. Disable connectivity. 2. Record and stop a session. 3. Confirm local Pending Upload status. 4. Restore Internet. 5. Wait without manually creating a second session. 6. Review the session on the Web App. | J12: Recording works offline. The session is visibly queued. When Internet returns, upload starts automatically or at the documented trigger. | K12: Offline recording is preserved and completes automatically after connectivity returns. | L12: =IFERROR(VLOOKUP($A12,'Test Cases'!$A:$X,24,FALSE),"")
A13: SATE-NET-002 | B13: P0 | C13: Network, Offline, and Upload Recovery | D13: Internet connection is lost during recording | G13: Recording begins online. | H13: 5-minute session; disable Internet after 1 minute and restore after Stop. | I13: 1. Start online recording. 2. Disable Internet during capture. 3. Continue recording. 4. Stop the session while offline. 5. Restore Internet and wait for completion. | J13: Recording continues without interruption. The device shows offline/pending status after Stop and later uploads normally. | K13: No capture gap, crash, duplicate session, or misleading completion status occurs. | L13: =IFERROR(VLOOKUP($A13,'Test Cases'!$A:$X,24,FALSE),"")
A14: SATE-NET-003 | B14: P0 | C14: Network, Offline, and Upload Recovery | D14: Internet is lost after Stop but before upload starts | G14: Recording is complete; upload has not yet started. | H14: 3-minute recording. | I14: 1. Stop the recording. 2. Immediately disable Internet. 3. Confirm Pending Upload status. 4. Restore Internet. 5. Observe automatic upload and processing. | J14: The session remains visible and queued. No repeated user action is required unless explicitly designed. | K14: The saved session survives the outage and completes once connectivity returns. | L14: =IFERROR(VLOOKUP($A14,'Test Cases'!$A:$X,24,FALSE),"")
A15: SATE-NET-004 | B15: P0 | C15: Network, Offline, and Upload Recovery | D15: Internet drops during an active upload | E15: Run the recorder's direct Wi-Fi upload path. | F15: RQ-09 | G15: An upload large enough to interrupt is in progress. | H15: 10-minute or larger session; disable Internet at approximately 40% upload. | I15: 1. Start upload. 2. Disable Internet mid-transfer. 3. Wait for failure detection. 4. Restore Internet. 5. Allow automatic retry/resume. 6. Inspect backend and Web App. | J15: The session changes to a retryable/pending state and later completes. The UI does not remain permanently stuck at Uploading. | K15: The final server audio is complete and playable, with exactly one user-visible session and no orphan file that affects later processing. | L15: =IFERROR(VLOOKUP($A15,'Test Cases'!$A:$X,24,FALSE),"")
A16: SATE-NET-005 | B16: P0 | C16: Network, Offline, and Upload Recovery | D16: Connectivity returns while app/device is in background or screen is locked | E16: Recorder idle or asleep when connectivity returns. Skip phone background / screen-lock. | G16: A session is pending offline; mobile app is backgrounded or phone is locked before Internet returns. | H16: Pending 5-minute session; supported phone OS. | I16: 1. Create an offline pending session. 2. Background the app or lock the phone. 3. Restore Internet. 4. Wait for the documented background window. 5. Unlock/open the app if necessary. 6. Check completion. | J16: Upload either starts in the background as designed or begins immediately when the app is reopened. The pending session is not lost. | K16: Behavior matches the supported background policy and no session remains permanently stranded. | L16: =IFERROR(VLOOKUP($A16,'Test Cases'!$A:$X,24,FALSE),"")
A17: SATE-NET-010 | B17: P0 | C17: Network, Offline, and Upload Recovery | D17: User taps manual Retry while automatic retry is already running | E17: Use the recorder's retry, or the web app's Retry control. | F17: RQ-09, RQ-13 | G17: A retryable upload failure is present and automatic retry is scheduled or active. | H17: 5-minute failed/pending session. | I17: 1. Trigger an upload failure. 2. Restore connectivity. 3. Tap Retry repeatedly while automatic retry begins. 4. Wait for final completion. 5. Inspect backend attempts and records. | J17: Only one active upload is presented to the user. Extra taps are disabled, ignored, or safely deduplicated. | K17: Manual/automatic retry concurrency never creates a duplicate or corrupt final session. | L17: =IFERROR(VLOOKUP($A17,'Test Cases'!$A:$X,24,FALSE),"")
A18: SATE-PDF-001 | B18: P0 | C18: PDF Export | D18: Standard SATE report export | G18: Completed session exists and user has export permission. | H18: Standard 5-minute session. | I18: 1. Open the session. 2. Select Export PDF. 3. Open the file. 4. Compare report fields to the Web App. | J18: Export succeeds once; file opens without warning; layout is readable. | K18: PDF is complete, readable, correctly associated, and free of missing or stale content. | L18: =IFERROR(VLOOKUP($A18,'Test Cases'!$A:$X,24,FALSE),"")
A19: SATE-PDF-002 | B19: P0 | C19: PDF Export | D19: Long-session report pagination | F19: RQ-20 | G19: A completed 45-60 minute session exists. | H19: Long transcript and large annotation set. | I19: 1. Export PDF. 2. Review every page. 3. Check page breaks, headers, footers, tables, and final page. 4. Search for known beginning/end markers. | J19: No clipped text, overlapping elements, blank unintended pages, or missing final content appears. | K19: Long report is complete and professionally paginated. | L19: =IFERROR(VLOOKUP($A19,'Test Cases'!$A:$X,24,FALSE),"")
A20: SATE-PDF-004 | B20: P0 | C20: PDF Export | D20: Re-export after transcript edits | F20: RQ-15 | G20: Transcript editing is enabled; a prior PDF has already been generated. | H20: One completed session with a known text correction. | I20: 1. Export the original PDF. 2. Edit and save transcript. 3. Export again. 4. Compare both files. | J20: Second export contains the saved correction and is clearly the current report. | K20: Re-export never returns a stale report after a successful saved edit. | L20: =IFERROR(VLOOKUP($A20,'Test Cases'!$A:$X,24,FALSE),"")
A21: SATE-QUE-001 | B21: P0 | C21: Queue, Batch, and Concurrency | D21: Five recordings made consecutively while online | G21: Stable network; no pending sessions. | H21: Recordings of 30 sec, 1 min, 2 min, 3 min, and 5 min, each with a unique spoken label. | I21: 1. Create five recordings with less than 20 seconds between sessions. 2. Allow uploads to occur. 3. Review the queue and Web App. 4. Open each transcript. | J21: All five sessions appear once with correct order, labels, dates, and durations. Starting the next session does not overwrite the previous one. | K21: All five sessions complete without overwrite, merging, omission, or cross-session transcript assignment. | L21: =IFERROR(VLOOKUP($A21,'Test Cases'!$A:$X,24,FALSE),"")
A22: SATE-QUE-002 | B22: P0 | C22: Queue, Batch, and Concurrency | D22: Start a new recording while the previous session is uploading | G22: Session A is uploading; recorder is ready for another action. | H22: Session A: 10 minutes; Session B: 2 minutes. | I22: 1. Start uploading Session A. 2. Attempt to start Session B. 3. Complete Session B. 4. Wait for both sessions to finish. 5. Review results. | J22: The UI follows the documented rule: either allows Session B safely or clearly blocks it. If allowed, statuses remain distinct. | K22: Both sessions are handled correctly according to the documented concurrency requirement. | L22: =IFERROR(VLOOKUP($A22,'Test Cases'!$A:$X,24,FALSE),"")
A23: SATE-QUE-003 | B23: P0 | C23: Queue, Batch, and Concurrency | D23: Five offline recordings queued and uploaded later | G23: Device is offline and has sufficient storage. | H23: Five recordings with unique labels and varying lengths. | I23: 1. Disable Internet. 2. Record five sessions. 3. Restart the recorder/app once while still offline. 4. Confirm all five remain queued. 5. Restore Internet. 6. Wait for all sessions to complete. | J23: All five queued sessions remain visible after restart and later upload. Progress/status is shown per session. | K23: No queued session is lost, merged, duplicated, or indefinitely blocked. | L23: =IFERROR(VLOOKUP($A23,'Test Cases'!$A:$X,24,FALSE),"")
A24: SATE-QUE-004 | B24: P0 | C24: Queue, Batch, and Concurrency | D24: One queued session fails while later sessions continue | F24: RQ-11, RQ-13 | G24: At least three sessions are queued; a fault can be injected for Session 2. | H24: Three queued sessions; cause Session 2 upload or processing to fail. | I24: 1. Queue Sessions 1-3. 2. Inject a failure for Session 2. 3. Restore normal service. 4. Observe Sessions 1 and 3. 5. Retry Session 2. | J24: Each session shows its own status. Failure of Session 2 does not hide or freeze Sessions 1 and 3. | K24: Queue processing is fault-isolated and recoverable. | L24: =IFERROR(VLOOKUP($A24,'Test Cases'!$A:$X,24,FALSE),"")
A25: SATE-QUE-005 | B25: P0 | C25: Queue, Batch, and Concurrency | D25: Queue order and status persist across app/recorder restart | E25: Restart the recorder, not the app. | G25: Several sessions are Pending, Uploading, and Failed/Retryable. | H25: Three or more sessions in different queue states. | I25: 1. Create mixed queue states. 2. Restart the recorder/app. 3. Inspect order and statuses. 4. Restore connectivity/service. 5. Observe resumption. | J25: All queue entries reappear with correct identities and understandable statuses. | K25: Restart does not alter session identity, lose queue entries, or create duplicate uploads. | L25: =IFERROR(VLOOKUP($A25,'Test Cases'!$A:$X,24,FALSE),"")
A26: SATE-REC-001 | B26: P0 | C26: Recorder Interruption and Local Persistence | D26: Graceful recorder restart during an active recording | F26: RQ-06 | G26: Recorder battery and storage are sufficient; a session is actively recording. | H26: 5-minute intended recording; restart after approximately 2 minutes. | I26: 1. Start recording and speak a beginning marker. 2. After two minutes, perform a normal device restart. 3. Restart the recorder. 4. Inspect recovered/pending sessions. 5. Sync any recovered partial session. | J26: The recorder clearly identifies the interrupted session. Recommended behavior: preserve the recorded portion and label it Interrupted; do not silently discard it. | K26: Captured audio is preserved or intentionally rejected according to a documented rule, and the user receives an explicit status. | L26: =IFERROR(VLOOKUP($A26,'Test Cases'!$A:$X,24,FALSE),"")
A27: SATE-REC-002 | B27: P0 | C27: Recorder Interruption and Local Persistence | D27: Forced power loss during an active recording | F27: RQ-06 | G27: Recorder is actively recording; tester can disconnect power or force shutdown safely. | H27: 5-minute intended recording; forced shutdown after approximately 2 minutes. | I27: 1. Start recording and speak a beginning marker. 2. Force power loss without using the normal stop control. 3. Restore power. 4. Inspect recovered data and device messages. 5. Sync any recoverable session. | J27: The recorder reports an interrupted or recovered session rather than showing a completed recording. It must not claim success if the audio is corrupted. | K27: No silent data loss, false Completed state, or duplicate session occurs. | L27: =IFERROR(VLOOKUP($A27,'Test Cases'!$A:$X,24,FALSE),"")
A28: SATE-REC-003 | B28: P0 | C28: Recorder Interruption and Local Persistence | D28: Low-battery shutdown during recording | F28: RQ-06, RQ-20 | G28: Recorder battery can be reduced to the low-battery threshold. | H28: Recording continues until low-battery warning and shutdown. | I28: 1. Begin a recording with low remaining battery. 2. Continue until warning appears. 3. Observe whether recording stops automatically or the device shuts down. 4. Recharge and restart. 5. Inspect and sync the session. | J28: A warning appears early enough for action. Recommended behavior: safely stop and save before shutdown when possible. | K28: Audio captured before shutdown is handled according to the documented low-battery rule with no false success. | L28: =IFERROR(VLOOKUP($A28,'Test Cases'!$A:$X,24,FALSE),"")
A29: SATE-REC-004 | B29: P0 | C29: Recorder Interruption and Local Persistence | D29: Insufficient local storage before recording starts | F29: RQ-07 | G29: Local storage is below the defined minimum free-space threshold. | H29: Recorder with intentionally reduced free storage. | I29: 1. Attempt to start a recording. 2. Observe the message and controls. 3. Free sufficient storage. 4. Retry recording. | J29: The recorder blocks recording or clearly warns the user before capture begins. After space is freed, normal recording is available. | K29: The user cannot unknowingly begin a recording that the device cannot preserve. | L29: =IFERROR(VLOOKUP($A29,'Test Cases'!$A:$X,24,FALSE),"")
A30: SATE-REC-005 | B30: P0 | C30: Recorder Interruption and Local Persistence | D30: Local storage becomes full during recording | F30: RQ-06 | G30: Recorder starts with enough space for a short recording but not for the planned duration. | H30: Continue recording until storage is exhausted. | I30: 1. Start recording. 2. Continue until the storage-full condition occurs. 3. Observe device behavior. 4. Restart if required. 5. Inspect and sync recoverable audio. | J30: The recorder stops safely and shows a specific storage error. It must not continue displaying Recording after writes have failed. | K30: The condition is detected, communicated, and handled without silent corruption or false completion. | L30: =IFERROR(VLOOKUP($A30,'Test Cases'!$A:$X,24,FALSE),"")
A31: SATE-REC-006 | B31: P0 | C31: Recorder Interruption and Local Persistence | D31: Restart during the local save/finalization step | F31: RQ-06 | G31: A recording is ready to stop; tester can restart immediately after Stop. | H31: 5-minute recording. | I31: 1. Record five minutes. 2. Press Stop. 3. Restart the recorder while Save/Finalizing is displayed. 4. Restart and inspect session/queue state. 5. Allow synchronization. | J31: After restart, the session is either safely recovered and queued once or clearly marked failed. The UI must not show two copies. | K31: No duplicate session, orphan temporary file affecting storage, or silent loss occurs. | L31: =IFERROR(VLOOKUP($A31,'Test Cases'!$A:$X,24,FALSE),"")
A32: SATE-REC-007 | B32: P0 | C32: Recorder Interruption and Local Persistence | D32: Restart after recording stops but before upload begins | G32: Recording has stopped and is locally saved; network upload has not begun. | H32: 3-minute recording. | I32: 1. Record and stop the session. 2. Restart immediately before upload starts. 3. Reconnect to network. 4. Observe queue recovery and final result. | J32: The pending session reappears after restart and uploads automatically or through the documented resume action. | K32: The pending session survives restart and completes without user re-recording. | L32: =IFERROR(VLOOKUP($A32,'Test Cases'!$A:$X,24,FALSE),"")
A33: SATE-SEC-001 | B33: P0 | C33: Security, Privacy, and Data Isolation | D33: User A cannot view User B's session through normal navigation | G33: User A and User B each have completed sessions. | H33: Two non-admin accounts with distinct data. | I33: 1. Log in as User A. 2. Review session list and search/filter. 3. Confirm User B's session is absent. 4. Repeat as User B. | J33: Each user sees only authorized sessions. | K33: No unauthorized metadata, transcript, annotation, audio, or report is exposed. | L33: =IFERROR(VLOOKUP($A33,'Test Cases'!$A:$X,24,FALSE),"")
A34: SATE-SEC-002 | B34: P0 | C34: Security, Privacy, and Data Isolation | D34: Direct URL or session-ID manipulation | G34: User A knows or is given User B's test session ID. | H34: Two user accounts and one unauthorized session ID. | I34: 1. Log in as User A. 2. Replace URL/API session ID with User B's ID. 3. Attempt transcript, audio, annotation, and PDF access. | J34: UI returns an authorized Not Found/Access Denied response without revealing sensitive metadata. | K34: No protected content or existence-sensitive detail is disclosed. | L34: =IFERROR(VLOOKUP($A34,'Test Cases'!$A:$X,24,FALSE),"")
A35: SATE-SEC-003 | B35: P0 | C35: Security, Privacy, and Data Isolation | D35: Logout and token invalidation | E35: Web app logout and token invalidation only. Skip mobile app logout. | G35: User is logged in with an open transcript and active API token. | H35: One authorized session. | I35: 1. Open transcript/audio. 2. Log out. 3. Use browser Back, refresh, saved API request, and prior audio/report URL. 4. Attempt access from another tab. | J35: Protected pages redirect to login or deny access. Cached sensitive content is not newly retrievable. | K35: Logout prevents further protected access according to policy. | L35: =IFERROR(VLOOKUP($A35,'Test Cases'!$A:$X,24,FALSE),"")
A36: SATE-SEC-005 | B36: P0 | C36: Security, Privacy, and Data Isolation | D36: Role-based access to review, edit, export, retry, and administration | G36: Test accounts exist for Viewer, Clinician/Editor, and Admin or the actual SATE roles. | H36: One completed and one failed session. | I36: 1. Log in as each role. 2. Attempt view, audio playback, edit, export, retry/reprocess, and administrative actions. 3. Attempt direct API calls for hidden actions. | J36: UI shows only permitted actions; forbidden actions are disabled or absent. | K36: Every action matches the approved role matrix with no client-side-only security. | L36: =IFERROR(VLOOKUP($A36,'Test Cases'!$A:$X,24,FALSE),"")
A37: SATE-SEC-006 | B37: P0 | C37: Security, Privacy, and Data Isolation | D37: Signed audio/report URL expiry and sharing | G37: System uses signed/temporary URLs or equivalent protected access. | H37: One audio URL and one PDF URL. | I37: 1. Obtain authorized URLs. 2. Test before expiry. 3. Test in a logged-out/private browser. 4. Test after expiry. 5. Request a new authorized URL. | J37: Access follows policy; expired or unauthorized links fail cleanly. | K37: Protected media and reports are not indefinitely accessible through copied links. | L37: =IFERROR(VLOOKUP($A37,'Test Cases'!$A:$X,24,FALSE),"")
A38: SATE-WEB-001 | B38: P0 | C38: Web Transcript Review | D38: Open and review a completed transcript | F38: RQ-15 | G38: A completed session exists and the user has access. | H38: Standard 5-minute completed session. | I38: 1. Log in. 2. Open session list. 3. Select the session. 4. Review metadata, audio, transcript, and annotations. 5. Refresh the page. | J38: Content loads completely; labels are understandable; refresh retains the same session and data. | K38: The correct complete session is reviewable without missing, stale, or mismatched content. | L38: =IFERROR(VLOOKUP($A38,'Test Cases'!$A:$X,24,FALSE),"")
A39: SATE-WEB-002 | B39: P0 | C39: Web Transcript Review | D39: Display of Processing, Retryable Failure, and Final Failure states | F39: RQ-13 | G39: Create sessions in Processing, Retryable Failure, and Final Failure. | H39: Three controlled sessions. | I39: 1. Open each session. 2. Observe messages and available actions. 3. Refresh after status changes. | J39: Each state has a distinct explanation and only appropriate actions. No page appears empty or permanently loading without context. | K39: Users can distinguish processing from failure and know whether to wait or retry. | L39: =IFERROR(VLOOKUP($A39,'Test Cases'!$A:$X,24,FALSE),"")
A40: SATE-WEB-004 | B40: P0 | C40: Web Transcript Review | D40: Audio playback and transcript association | F40: RQ-15 | G40: Completed sessions A and B contain distinct spoken labels. | H40: Two completed sessions. | I40: 1. Open Session A and play beginning/end. 2. Open Session B and play beginning/end. 3. Seek, pause, resume, and reload. 4. Compare to transcripts. | J40: Audio controls work and each session plays its own audio. Errors are explained. | K40: No wrong-audio association, broken seeking, or unauthorized cross-session playback occurs. | L40: =IFERROR(VLOOKUP($A40,'Test Cases'!$A:$X,24,FALSE),"")
A41: SATE-WEB-005 | B41: P0 | C41: Web Transcript Review | D41: Edit and save transcript with versioning | F41: RQ-15 | G41: Transcript editing is enabled and user has edit permission. | H41: Completed session with known correction points. | I41: 1. Edit several transcript segments. 2. Save. 3. Refresh and reopen. 4. Export PDF. 5. Review audit/version information. | J41: Edits persist and are visually distinguishable from unsaved changes. PDF uses the approved latest version. | K41: Edits are durable, auditable, and cannot accidentally overwrite the wrong session. | L41: =IFERROR(VLOOKUP($A41,'Test Cases'!$A:$X,24,FALSE),"")
A42: SATE-WEB-006 | B42: P0 | C42: Web Transcript Review | D42: Save failure and concurrent transcript editing | F42: RQ-15 | G42: Two authorized browser sessions can open the same transcript; DB failure can be simulated. | H42: Session with editable transcript. | I42: 1. Open the transcript in two browsers. 2. Make different edits. 3. Save Browser A. 4. Save Browser B or inject save failure. 5. Refresh both. | J42: Save failure is explicit and unsaved text is not falsely shown as saved. Concurrent conflict follows the documented policy. | K42: No silent overwrite, wrong-session save, or false success occurs. | L42: =IFERROR(VLOOKUP($A42,'Test Cases'!$A:$X,24,FALSE),"")
A43: SATE-COMP-002 | B43: P1 | C43: Compatibility and Deployment | D43: Supported desktop browsers for Web App and PDF | G43: Supported browser/version list is approved. | H43: Latest supported Chrome, Edge, and Safari; representative screen sizes. | I43: 1. Log in on each browser. 2. Open session list and transcript. 3. Play audio. 4. Edit/save if supported. 5. Export/open PDF. | J43: Layout, controls, audio, editing, and PDF work without browser-specific corruption. | K43: All supported browsers complete the approved workflow without data integrity defects. | L43: =IFERROR(VLOOKUP($A43,'Test Cases'!$A:$X,24,FALSE),"")
A44: SATE-COMP-003 | B44: P1 | C44: Compatibility and Deployment | D44: Older app/firmware version against current backend | E44: Older recorder firmware against the current backend. Skip the older app build. | G44: One older supported build and one intentionally unsupported build are available. | H44: Older recorder firmware/mobile app test devices. | I44: 1. Connect the older supported version and run a session. 2. Attempt the same with an unsupported version. 3. Observe upgrade messaging and backend handling. | J44: Supported older version works as documented. Unsupported version is blocked or warned before data loss occurs. | K44: Version compatibility follows the release policy with no silent corruption. | L44: =IFERROR(VLOOKUP($A44,'Test Cases'!$A:$X,24,FALSE),"")
A45: SATE-COMP-004 | B45: P1 | C45: Compatibility and Deployment | D45: Time zone, daylight-saving transition, and device clock skew | E45: Recorder clock and stored timestamps. Skip phone clock skew. | G45: Test environment can change time zone/clock or use simulated timestamps. | H45: Sessions across two time zones; one device clock intentionally skewed; DST boundary simulation if practical. | I45: 1. Record sessions in each time setting. 2. Sync and review Web App/PDF timestamps. 3. Correct device clock and repeat. 4. Compare ordering and duration. | J45: Displayed local time follows product rules; warning appears for severe clock skew if supported; duration remains correct. | K45: No unexplained one-hour/day shift, negative duration, or incorrect session ordering occurs. | L45: =IFERROR(VLOOKUP($A45,'Test Cases'!$A:$X,24,FALSE),"")
A46: SATE-E2E-002 | B46: P1 | C46: End-to-End Recording and Sync | D46: Very short recording near the minimum supported duration | F46: RQ-07 | G46: Minimum supported duration is documented or a provisional threshold is agreed for testing. | H46: 10-15 second recording containing one clearly spoken sentence. | I46: 1. Start recording. 2. Record for the minimum supported duration. 3. Stop and sync. 4. Open the result in the Web App. 5. Attempt PDF export if the session completes. | J46: The recorder either accepts the session or shows a documented minimum-duration message. The Web App does not display an unexplained blank result. | K46: Behavior matches the documented minimum-duration requirement and leaves the system in a consistent state. | L46: =IFERROR(VLOOKUP($A46,'Test Cases'!$A:$X,24,FALSE),"")
A47: SATE-E2E-003 | B47: P1 | C47: End-to-End Recording and Sync | D47: Silent or near-silent recording | F47: RQ-20 | G47: Backend services are healthy. | H47: 2-minute recording with room tone and no intentional speech. | I47: 1. Record two minutes of silence or near-silence. 2. Stop and sync. 3. Wait for processing. 4. Open the session in the Web App. 5. Review status, transcript, and annotations. | J47: The session displays a clear outcome such as No Detectable Speech, Low Confidence, or an empty transcript with explanation. It must not remain indefinitely in Processing. | K47: The system distinguishes valid silent audio from upload/processing failure and provides an actionable status. | L47: =IFERROR(VLOOKUP($A47,'Test Cases'!$A:$X,24,FALSE),"")
A48: SATE-E2E-004 | B48: P1 | C48: End-to-End Recording and Sync | D48: Noisy recording with multiple speakers and interruptions | F48: RQ-20 | G48: Normal end-to-end environment is available. | H48: 5-minute recording with background noise, two speakers, pauses, overlapping speech, and brief interruptions. | I48: 1. Record the prepared noisy scenario. 2. Stop and sync. 3. Review transcript, speaker-related output if supported, annotations, warnings, and PDF. | J48: The session completes or shows a defined low-quality warning. The UI remains responsive and does not mislabel the result as an upload failure. | K48: The session reaches a defined terminal state with no crash, malformed data, or cross-session contamination. | L48: =IFERROR(VLOOKUP($A48,'Test Cases'!$A:$X,24,FALSE),"")
A49: SATE-LONG-006 | B49: P1 | C49: Long Session and Performance | D49: Battery, temperature, memory, storage, and processing-time observation | E49: Recorder battery, temperature, storage and backend processing time. Skip phone metrics. | F49: RQ-20 | G49: Monitoring tools/logs are available; devices begin at known battery levels. | H49: 45-60 minute recording plus upload and processing. | I49: 1. Record baseline battery, free storage, memory, and temperature. 2. Run a long session. 3. Record metrics during capture, upload, and processing. 4. Note crashes, throttling, or UI lag. | J49: Device/app remains usable and provides warnings before resource exhaustion. | K49: Measured resource use stays within approved limits; no crash, unsafe heating, or unbounded job execution occurs. | L49: =IFERROR(VLOOKUP($A49,'Test Cases'!$A:$X,24,FALSE),"")
A50: SATE-NET-006 | B50: P1 | C50: Network, Offline, and Upload Recovery | D50: Wi-Fi is connected but Internet access is unavailable | E50: Recorder's own network detection only. Skip the app's detection. | G50: Connect to a router with no Internet access. | H50: 3-minute session. | I50: 1. Connect to Wi-Fi without Internet. 2. Record and stop a session. 3. Observe upload status. 4. Restore Internet without changing Wi-Fi if possible. 5. Wait for upload. | J50: The UI indicates Offline, Cannot Reach Service, or Pending Upload rather than claiming successful upload. | K50: The system does not confuse Wi-Fi connection with successful synchronization. | L50: =IFERROR(VLOOKUP($A50,'Test Cases'!$A:$X,24,FALSE),"")
A51: SATE-NET-008 | B51: P1 | C51: Network, Offline, and Upload Recovery | D51: Switch from one Wi-Fi network to another or to a hotspot during upload | E51: Run the recorder's direct Wi-Fi upload path. | F51: RQ-09 | G51: Upload is in progress and a second valid network is available. | H51: 10-minute recording. | I51: 1. Start upload on Network A. 2. Disconnect from Network A mid-upload. 3. Connect to Network B or hotspot. 4. Wait for retry/resume. 5. Inspect final session. | J51: The upload recovers without requiring a new recording. Status updates remain understandable. | K51: Network switching does not produce corruption, duplication, or permanent Uploading state. | L51: =IFERROR(VLOOKUP($A51,'Test Cases'!$A:$X,24,FALSE),"")
A52: SATE-NET-009 | B52: P1 | C52: Network, Offline, and Upload Recovery | D52: Rapidly flapping or weak network | E52: Run the recorder's direct Wi-Fi upload path. | F52: RQ-09, RQ-20 | G52: Network can be toggled or throttled. | H52: 10-minute session; alternate online/offline several times. | I52: 1. Start upload. 2. Alternate online and offline states several times. 3. End with a stable connection. 4. Wait for completion. 5. Review retry count and final records. | J52: The UI does not spam duplicate sessions or become unresponsive. It eventually completes or reaches a clear retryable state. | K52: The system recovers when stability returns and never creates conflicting final states. | L52: =IFERROR(VLOOKUP($A52,'Test Cases'!$A:$X,24,FALSE),"")
